2026-01-05 01:05:20,485 - INFO - Logging to: logs/training_20260105_010520.log
2026-01-05 01:05:20,485 - WARNING - MacOS detected: Forcing num_workers=0 to avoid multiprocessing deadlocks
2026-01-05 01:05:20,485 - INFO - Loading tokenizer...
2026-01-05 01:05:21,437 - INFO - Loading model config...
2026-01-05 01:05:21,437 - INFO - Loading dataset from: /Users/qureshsu/Learning/TSAI/ERAV4/session14/data/input.txt
2026-01-05 01:05:21,857 - INFO - Initializing model...
2026-01-05 01:05:26,098 - INFO - Starting training...
2026-01-05 01:05:26,098 - INFO - Resuming from checkpoint: checkpoints/deepseekv3-step=02500-train_loss=0.5875.ckpt
2026-01-05 01:05:31,686 - INFO - 
================================================================================
2026-01-05 01:05:31,686 - INFO - MODEL SUMMARY
2026-01-05 01:05:31,686 - INFO - ================================================================================
2026-01-05 01:05:31,686 - INFO - Model: DeepSeekV3
2026-01-05 01:05:31,686 - INFO - Total parameters: 271,866,736
2026-01-05 01:05:31,686 - INFO - Trainable parameters: 271,866,736
2026-01-05 01:05:31,686 - INFO - Block size: 512
2026-01-05 01:05:31,686 - INFO - Warmup steps: 1000
2026-01-05 01:05:31,686 - INFO - Peak learning rate: 0.0005
2026-01-05 01:05:31,686 - INFO - Total training steps: 10000
2026-01-05 01:05:31,686 - INFO - Predict every: 2500 steps
2026-01-05 01:05:31,686 - INFO - ================================================================================

2026-01-05 01:05:38,234 - INFO - step 2502 | dt: 6539.12 ms
2026-01-05 01:05:43,309 - INFO - step 2503 | dt: 5073.00 ms
2026-01-05 01:05:48,471 - INFO - step 2504 | dt: 5159.42 ms
2026-01-05 01:05:53,333 - INFO - step 2505 | dt: 4858.35 ms
2026-01-05 01:05:57,446 - INFO - step 2506 | dt: 4110.02 ms
2026-01-05 01:06:02,018 - INFO - step 2507 | dt: 4568.51 ms
2026-01-05 01:06:06,236 - INFO - step 2508 | dt: 4214.81 ms
2026-01-05 01:06:10,080 - INFO - step 2509 | dt: 3841.46 ms
2026-01-05 01:06:14,028 - INFO - step 2510 | dt: 3944.83 ms
2026-01-05 01:06:18,162 - INFO - step 2511 | dt: 4131.24 ms
2026-01-05 01:06:22,032 - INFO - step 2512 | dt: 3867.38 ms
2026-01-05 01:06:25,560 - INFO - step 2513 | dt: 3524.38 ms
2026-01-05 01:06:29,269 - INFO - step 2514 | dt: 3706.76 ms
2026-01-05 01:06:32,095 - INFO - step 2515 | dt: 2823.37 ms
2026-01-05 01:06:34,857 - INFO - step 2516 | dt: 2759.16 ms
2026-01-05 01:06:37,700 - INFO - step 2517 | dt: 2839.99 ms
2026-01-05 01:06:40,553 - INFO - step 2518 | dt: 2850.30 ms
2026-01-05 01:06:43,321 - INFO - step 2519 | dt: 2766.40 ms
2026-01-05 01:06:46,230 - INFO - step 2520 | dt: 2907.32 ms
2026-01-05 01:06:49,748 - INFO - step 2521 | dt: 3516.08 ms
2026-01-05 01:06:52,869 - INFO - step 2522 | dt: 3119.08 ms
2026-01-05 01:06:55,476 - INFO - step 2523 | dt: 2604.55 ms
2026-01-05 01:06:58,325 - INFO - step 2524 | dt: 2847.32 ms
2026-01-05 01:07:01,257 - INFO - step 2525 | dt: 2927.72 ms
2026-01-05 01:07:04,822 - INFO - step 2526 | dt: 3563.92 ms
2026-01-05 01:07:08,162 - INFO - step 2527 | dt: 3337.15 ms
2026-01-05 01:07:11,248 - INFO - step 2528 | dt: 3082.08 ms
2026-01-05 01:07:13,830 - INFO - step 2529 | dt: 2580.21 ms
2026-01-05 01:07:16,605 - INFO - step 2530 | dt: 2772.62 ms
2026-01-05 01:07:19,198 - INFO - step 2531 | dt: 2590.12 ms
2026-01-05 01:07:22,019 - INFO - step 2532 | dt: 2817.87 ms
2026-01-05 01:07:25,365 - INFO - step 2533 | dt: 3344.62 ms
2026-01-05 01:07:28,008 - INFO - step 2534 | dt: 2639.98 ms
2026-01-05 01:07:30,464 - INFO - step 2535 | dt: 2451.84 ms
2026-01-05 01:07:32,906 - INFO - step 2536 | dt: 2437.83 ms
2026-01-05 01:07:35,573 - INFO - step 2537 | dt: 2664.75 ms
2026-01-05 01:07:38,306 - INFO - step 2538 | dt: 2730.20 ms
2026-01-05 01:07:40,841 - INFO - step 2539 | dt: 2533.93 ms
2026-01-05 01:07:44,031 - INFO - step 2540 | dt: 3187.06 ms
2026-01-05 01:07:47,277 - INFO - step 2541 | dt: 3245.27 ms
2026-01-05 01:07:50,333 - INFO - step 2542 | dt: 3053.18 ms
2026-01-05 01:07:53,725 - INFO - step 2543 | dt: 3389.10 ms
2026-01-05 01:07:57,217 - INFO - step 2544 | dt: 3490.00 ms
2026-01-05 01:08:00,593 - INFO - step 2545 | dt: 3370.50 ms
2026-01-05 01:08:03,290 - INFO - step 2546 | dt: 2695.81 ms
2026-01-05 01:08:05,980 - INFO - step 2547 | dt: 2686.53 ms
2026-01-05 01:08:08,469 - INFO - step 2548 | dt: 2486.16 ms
2026-01-05 01:08:11,268 - INFO - step 2549 | dt: 2795.22 ms
2026-01-05 01:08:13,993 - INFO - step 2550 | dt: 2719.28 ms
2026-01-05 01:08:16,749 - INFO - step 2551 | dt: 2754.19 ms
2026-01-05 01:08:20,171 - INFO - step 2552 | dt: 3417.47 ms
2026-01-05 01:08:22,816 - INFO - step 2553 | dt: 2642.08 ms
2026-01-05 01:08:25,315 - INFO - step 2554 | dt: 2496.18 ms
2026-01-05 01:08:27,772 - INFO - step 2555 | dt: 2455.16 ms
2026-01-05 01:08:30,194 - INFO - step 2556 | dt: 2419.92 ms
2026-01-05 01:08:32,725 - INFO - step 2557 | dt: 2528.46 ms
2026-01-05 01:08:35,615 - INFO - step 2558 | dt: 2888.11 ms
2026-01-05 01:08:39,014 - INFO - step 2559 | dt: 3397.36 ms
2026-01-05 01:08:41,462 - INFO - step 2560 | dt: 2446.84 ms
2026-01-05 01:08:44,027 - INFO - step 2561 | dt: 2561.09 ms
2026-01-05 01:08:46,732 - INFO - step 2562 | dt: 2703.59 ms
2026-01-05 01:08:49,285 - INFO - step 2563 | dt: 2550.35 ms
2026-01-05 01:08:51,780 - INFO - step 2564 | dt: 2492.97 ms
2026-01-05 01:08:54,392 - INFO - step 2565 | dt: 2610.29 ms
2026-01-05 01:08:56,966 - INFO - step 2566 | dt: 2570.34 ms
2026-01-05 01:08:59,625 - INFO - step 2567 | dt: 2658.11 ms
2026-01-05 01:09:02,080 - INFO - step 2568 | dt: 2453.01 ms
2026-01-05 01:09:04,528 - INFO - step 2569 | dt: 2446.40 ms
2026-01-05 01:09:08,100 - INFO - step 2570 | dt: 3570.77 ms
2026-01-05 01:09:10,672 - INFO - step 2571 | dt: 2568.36 ms
2026-01-05 01:09:13,059 - INFO - step 2572 | dt: 2385.52 ms
2026-01-05 01:09:15,623 - INFO - step 2573 | dt: 2562.12 ms
2026-01-05 01:09:18,017 - INFO - step 2574 | dt: 2390.19 ms
2026-01-05 01:09:20,585 - INFO - step 2575 | dt: 2535.97 ms
2026-01-05 01:09:23,922 - INFO - step 2576 | dt: 3335.36 ms
2026-01-05 01:09:26,479 - INFO - step 2577 | dt: 2553.75 ms
2026-01-05 01:09:29,841 - INFO - step 2578 | dt: 3360.68 ms
2026-01-05 01:09:32,592 - INFO - step 2579 | dt: 2748.89 ms
2026-01-05 01:09:35,068 - INFO - step 2580 | dt: 2473.38 ms
2026-01-05 01:09:37,658 - INFO - step 2581 | dt: 2588.23 ms
2026-01-05 01:09:40,866 - INFO - step 2582 | dt: 3204.94 ms
2026-01-05 01:09:43,437 - INFO - step 2583 | dt: 2569.49 ms
2026-01-05 01:09:46,045 - INFO - step 2584 | dt: 2605.18 ms
2026-01-05 01:09:48,545 - INFO - step 2585 | dt: 2498.01 ms
2026-01-05 01:09:52,274 - INFO - step 2586 | dt: 3727.76 ms
2026-01-05 01:09:55,241 - INFO - step 2587 | dt: 2964.16 ms
2026-01-05 01:09:57,974 - INFO - step 2588 | dt: 2732.07 ms
2026-01-05 01:10:00,553 - INFO - step 2589 | dt: 2577.02 ms
2026-01-05 01:10:03,121 - INFO - step 2590 | dt: 2565.24 ms
2026-01-05 01:10:05,660 - INFO - step 2591 | dt: 2537.24 ms
2026-01-05 01:10:08,238 - INFO - step 2592 | dt: 2555.37 ms
2026-01-05 01:10:10,779 - INFO - step 2593 | dt: 2538.24 ms
2026-01-05 01:10:13,286 - INFO - step 2594 | dt: 2505.83 ms
2026-01-05 01:10:15,739 - INFO - step 2595 | dt: 2451.26 ms
2026-01-05 01:10:18,487 - INFO - step 2596 | dt: 2746.63 ms
2026-01-05 01:10:21,852 - INFO - step 2597 | dt: 3363.38 ms
2026-01-05 01:10:24,755 - INFO - step 2598 | dt: 2901.33 ms
2026-01-05 01:10:27,844 - INFO - step 2599 | dt: 3086.38 ms
2026-01-05 01:10:31,010 - INFO - step 2600 | dt: 3162.06 ms
2026-01-05 01:10:34,257 - INFO - step 2601 | dt: 3244.39 ms
2026-01-05 01:10:37,198 - INFO - step 2602 | dt: 2940.55 ms
2026-01-05 01:10:40,695 - INFO - step 2603 | dt: 3495.14 ms
2026-01-05 01:10:43,522 - INFO - step 2604 | dt: 2823.95 ms
2026-01-05 01:10:46,737 - INFO - step 2605 | dt: 3212.99 ms
2026-01-05 01:10:49,996 - INFO - step 2606 | dt: 3256.42 ms
2026-01-05 01:10:52,942 - INFO - step 2607 | dt: 2944.46 ms
2026-01-05 01:10:55,521 - INFO - step 2608 | dt: 2576.17 ms
2026-01-05 01:10:58,030 - INFO - step 2609 | dt: 2507.75 ms
2026-01-05 01:11:00,553 - INFO - step 2610 | dt: 2520.82 ms
2026-01-05 01:11:03,249 - INFO - step 2611 | dt: 2693.12 ms
2026-01-05 01:11:05,787 - INFO - step 2612 | dt: 2535.80 ms
2026-01-05 01:11:09,395 - INFO - step 2613 | dt: 3605.58 ms
2026-01-05 01:11:11,797 - INFO - step 2614 | dt: 2399.56 ms
2026-01-05 01:11:14,277 - INFO - step 2615 | dt: 2477.70 ms
2026-01-05 01:11:16,718 - INFO - step 2616 | dt: 2439.80 ms
2026-01-05 01:11:19,293 - INFO - step 2617 | dt: 2571.55 ms
2026-01-05 01:11:21,839 - INFO - step 2618 | dt: 2544.15 ms
2026-01-05 01:11:24,307 - INFO - step 2619 | dt: 2464.31 ms
2026-01-05 01:11:26,908 - INFO - step 2620 | dt: 2598.84 ms
2026-01-05 01:11:29,314 - INFO - step 2621 | dt: 2405.09 ms
2026-01-05 01:11:31,795 - INFO - step 2622 | dt: 2478.22 ms
2026-01-05 01:11:34,320 - INFO - step 2623 | dt: 2521.40 ms
2026-01-05 01:11:36,715 - INFO - step 2624 | dt: 2392.35 ms
2026-01-05 01:11:39,166 - INFO - step 2625 | dt: 2448.89 ms
2026-01-05 01:11:41,761 - INFO - step 2626 | dt: 2593.39 ms
2026-01-05 01:11:44,876 - INFO - step 2627 | dt: 3113.27 ms
2026-01-05 01:11:47,407 - INFO - step 2628 | dt: 2528.81 ms
2026-01-05 01:11:49,928 - INFO - step 2629 | dt: 2519.36 ms
2026-01-05 01:11:52,334 - INFO - step 2630 | dt: 2403.92 ms
2026-01-05 01:11:54,794 - INFO - step 2631 | dt: 2458.41 ms
2026-01-05 01:11:57,204 - INFO - step 2632 | dt: 2408.42 ms
2026-01-05 01:11:59,748 - INFO - step 2633 | dt: 2542.49 ms
2026-01-05 01:12:02,114 - INFO - step 2634 | dt: 2364.02 ms
2026-01-05 01:12:05,414 - INFO - step 2635 | dt: 3298.53 ms
2026-01-05 01:12:08,023 - INFO - step 2636 | dt: 2607.93 ms
2026-01-05 01:12:10,415 - INFO - step 2637 | dt: 2390.17 ms
2026-01-05 01:12:13,261 - INFO - step 2638 | dt: 2841.90 ms
2026-01-05 01:12:16,006 - INFO - step 2639 | dt: 2743.00 ms
2026-01-05 01:12:18,486 - INFO - step 2640 | dt: 2477.72 ms
2026-01-05 01:12:20,895 - INFO - step 2641 | dt: 2407.64 ms
2026-01-05 01:12:23,256 - INFO - step 2642 | dt: 2359.03 ms
2026-01-05 01:12:25,815 - INFO - step 2643 | dt: 2557.25 ms
2026-01-05 01:12:28,381 - INFO - step 2644 | dt: 2563.80 ms
2026-01-05 01:12:30,744 - INFO - step 2645 | dt: 2361.21 ms
2026-01-05 01:12:33,189 - INFO - step 2646 | dt: 2443.55 ms
2026-01-05 01:12:36,408 - INFO - step 2647 | dt: 3216.70 ms
2026-01-05 01:12:38,873 - INFO - step 2648 | dt: 2462.94 ms
2026-01-05 01:12:42,240 - INFO - step 2649 | dt: 3356.40 ms
2026-01-05 01:12:45,494 - INFO - step 2650 | dt: 3249.93 ms
2026-01-05 01:12:48,785 - INFO - step 2651 | dt: 3289.69 ms
2026-01-05 01:12:51,770 - INFO - step 2652 | dt: 2982.53 ms
2026-01-05 01:12:54,459 - INFO - step 2653 | dt: 2687.01 ms
2026-01-05 01:12:57,609 - INFO - step 2654 | dt: 3147.45 ms
2026-01-05 01:13:00,115 - INFO - step 2655 | dt: 2504.22 ms
2026-01-05 01:13:02,529 - INFO - step 2656 | dt: 2411.82 ms
2026-01-05 01:13:05,567 - INFO - step 2657 | dt: 3035.67 ms
2026-01-05 01:13:07,992 - INFO - step 2658 | dt: 2423.62 ms
2026-01-05 01:13:10,406 - INFO - step 2659 | dt: 2411.51 ms
2026-01-05 01:13:12,806 - INFO - step 2660 | dt: 2399.40 ms
2026-01-05 01:13:15,212 - INFO - step 2661 | dt: 2404.60 ms
2026-01-05 01:13:17,735 - INFO - step 2662 | dt: 2521.21 ms
2026-01-05 01:13:20,217 - INFO - step 2663 | dt: 2480.50 ms
2026-01-05 01:13:22,540 - INFO - step 2664 | dt: 2320.81 ms
2026-01-05 01:13:24,922 - INFO - step 2665 | dt: 2380.68 ms
2026-01-05 01:13:27,301 - INFO - step 2666 | dt: 2377.37 ms
2026-01-05 01:13:29,865 - INFO - step 2667 | dt: 2562.18 ms
2026-01-05 01:13:32,290 - INFO - step 2668 | dt: 2423.14 ms
2026-01-05 01:13:34,679 - INFO - step 2669 | dt: 2388.36 ms
2026-01-05 01:13:37,031 - INFO - step 2670 | dt: 2349.74 ms
2026-01-05 01:13:40,313 - INFO - step 2671 | dt: 3280.06 ms
2026-01-05 01:13:42,689 - INFO - step 2672 | dt: 2373.19 ms
2026-01-05 01:13:45,100 - INFO - step 2673 | dt: 2409.51 ms
2026-01-05 01:13:47,411 - INFO - step 2674 | dt: 2309.18 ms
2026-01-05 01:13:50,007 - INFO - step 2675 | dt: 2591.87 ms
2026-01-05 01:13:52,413 - INFO - step 2676 | dt: 2404.63 ms
2026-01-05 01:13:54,822 - INFO - step 2677 | dt: 2407.17 ms
2026-01-05 01:13:57,332 - INFO - step 2678 | dt: 2508.22 ms
2026-01-05 01:13:59,750 - INFO - step 2679 | dt: 2415.23 ms
2026-01-05 01:14:02,199 - INFO - step 2680 | dt: 2447.01 ms
2026-01-05 01:14:04,694 - INFO - step 2681 | dt: 2493.68 ms
2026-01-05 01:14:07,071 - INFO - step 2682 | dt: 2374.97 ms
2026-01-05 01:14:10,523 - INFO - step 2683 | dt: 3449.86 ms
2026-01-05 01:14:12,950 - INFO - step 2684 | dt: 2425.25 ms
2026-01-05 01:14:15,362 - INFO - step 2685 | dt: 2408.78 ms
2026-01-05 01:14:17,716 - INFO - step 2686 | dt: 2352.92 ms
2026-01-05 01:14:20,208 - INFO - step 2687 | dt: 2489.05 ms
2026-01-05 01:14:22,809 - INFO - step 2688 | dt: 2598.83 ms
2026-01-05 01:14:25,237 - INFO - step 2689 | dt: 2426.52 ms
2026-01-05 01:14:27,626 - INFO - step 2690 | dt: 2386.93 ms
2026-01-05 01:14:30,192 - INFO - step 2691 | dt: 2564.09 ms
2026-01-05 01:14:32,584 - INFO - step 2692 | dt: 2390.35 ms
2026-01-05 01:14:35,011 - INFO - step 2693 | dt: 2424.61 ms
2026-01-05 01:14:37,611 - INFO - step 2694 | dt: 2598.53 ms
2026-01-05 01:14:40,755 - INFO - step 2695 | dt: 3142.17 ms
2026-01-05 01:14:43,993 - INFO - step 2696 | dt: 3236.91 ms
2026-01-05 01:14:47,042 - INFO - step 2697 | dt: 3046.26 ms
2026-01-05 01:14:50,355 - INFO - step 2698 | dt: 3311.74 ms
2026-01-05 01:14:52,921 - INFO - step 2699 | dt: 2554.59 ms
2026-01-05 01:14:56,262 - INFO - step 2700 | dt: 3336.64 ms
2026-01-05 01:14:59,399 - INFO - step 2701 | dt: 3133.82 ms
2026-01-05 01:15:01,754 - INFO - step 2702 | dt: 2352.71 ms
2026-01-05 01:15:04,179 - INFO - step 2703 | dt: 2423.94 ms
2026-01-05 01:15:06,524 - INFO - step 2704 | dt: 2343.03 ms
2026-01-05 01:15:08,848 - INFO - step 2705 | dt: 2320.93 ms
2026-01-05 01:15:11,725 - INFO - step 2706 | dt: 2874.61 ms
2026-01-05 01:15:14,212 - INFO - step 2707 | dt: 2485.42 ms
2026-01-05 01:15:16,604 - INFO - step 2708 | dt: 2390.10 ms
2026-01-05 01:15:19,006 - INFO - step 2709 | dt: 2400.22 ms
2026-01-05 01:15:21,467 - INFO - step 2710 | dt: 2459.52 ms
2026-01-05 01:15:24,048 - INFO - step 2711 | dt: 2578.76 ms
2026-01-05 01:15:27,086 - INFO - step 2712 | dt: 3036.07 ms
2026-01-05 01:15:30,040 - INFO - step 2713 | dt: 2952.36 ms
2026-01-05 01:15:33,151 - INFO - step 2714 | dt: 3109.12 ms
2026-01-05 01:15:36,215 - INFO - step 2715 | dt: 3063.07 ms
2026-01-05 01:15:39,421 - INFO - step 2716 | dt: 3203.41 ms
2026-01-05 01:15:42,534 - INFO - step 2717 | dt: 3110.55 ms
2026-01-05 01:15:45,722 - INFO - step 2718 | dt: 3187.11 ms
2026-01-05 01:15:48,777 - INFO - step 2719 | dt: 3053.42 ms
2026-01-05 01:15:51,808 - INFO - step 2720 | dt: 3028.15 ms
2026-01-05 01:15:55,049 - INFO - step 2721 | dt: 3240.23 ms
2026-01-05 01:15:58,242 - INFO - step 2722 | dt: 3189.80 ms
2026-01-05 01:16:01,376 - INFO - step 2723 | dt: 3132.30 ms
2026-01-05 01:16:04,386 - INFO - step 2724 | dt: 3004.94 ms
2026-01-05 01:16:07,451 - INFO - step 2725 | dt: 3063.66 ms
2026-01-05 01:16:10,594 - INFO - step 2726 | dt: 3141.82 ms
2026-01-05 01:16:13,555 - INFO - step 2727 | dt: 2958.80 ms
2026-01-05 01:16:16,581 - INFO - step 2728 | dt: 3024.91 ms
2026-01-05 01:16:19,462 - INFO - step 2729 | dt: 2877.83 ms
2026-01-05 01:16:22,448 - INFO - step 2730 | dt: 2984.75 ms
2026-01-05 01:16:25,394 - INFO - step 2731 | dt: 2944.18 ms
2026-01-05 01:16:27,947 - INFO - step 2732 | dt: 2552.26 ms
2026-01-05 01:16:31,131 - INFO - step 2733 | dt: 3180.65 ms
2026-01-05 01:16:33,513 - INFO - step 2734 | dt: 2379.64 ms
2026-01-05 01:16:35,941 - INFO - step 2735 | dt: 2425.07 ms
2026-01-05 01:16:38,273 - INFO - step 2736 | dt: 2328.53 ms
2026-01-05 01:16:40,871 - INFO - step 2737 | dt: 2596.07 ms
2026-01-05 01:16:43,773 - INFO - step 2738 | dt: 2899.68 ms
2026-01-05 01:16:46,927 - INFO - step 2739 | dt: 3152.36 ms
2026-01-05 01:16:50,050 - INFO - step 2740 | dt: 3120.84 ms
2026-01-05 01:16:53,079 - INFO - step 2741 | dt: 3027.15 ms
2026-01-05 01:16:55,679 - INFO - step 2742 | dt: 2597.63 ms
2026-01-05 01:16:58,749 - INFO - step 2743 | dt: 3068.83 ms
2026-01-05 01:17:01,909 - INFO - step 2744 | dt: 3158.67 ms
2026-01-05 01:17:04,318 - INFO - step 2745 | dt: 2407.10 ms
2026-01-05 01:17:06,705 - INFO - step 2746 | dt: 2386.18 ms
2026-01-05 01:17:09,077 - INFO - step 2747 | dt: 2369.72 ms
2026-01-05 01:17:11,545 - INFO - step 2748 | dt: 2466.77 ms
2026-01-05 01:17:14,794 - INFO - step 2749 | dt: 3238.17 ms
2026-01-05 01:17:18,397 - INFO - step 2750 | dt: 3599.70 ms
2026-01-05 01:17:21,510 - INFO - step 2751 | dt: 3110.31 ms
2026-01-05 01:17:24,435 - INFO - step 2752 | dt: 2922.90 ms
2026-01-05 01:17:27,626 - INFO - step 2753 | dt: 3189.50 ms
2026-01-05 01:17:30,130 - INFO - step 2754 | dt: 2502.38 ms
2026-01-05 01:17:32,917 - INFO - step 2755 | dt: 2784.79 ms
2026-01-05 01:17:35,409 - INFO - step 2756 | dt: 2489.98 ms
2026-01-05 01:17:37,887 - INFO - step 2757 | dt: 2476.01 ms
2026-01-05 01:17:41,456 - INFO - step 2758 | dt: 3566.46 ms
2026-01-05 01:17:44,023 - INFO - step 2759 | dt: 2565.08 ms
2026-01-05 01:17:46,482 - INFO - step 2760 | dt: 2457.34 ms
2026-01-05 01:17:48,857 - INFO - step 2761 | dt: 2372.50 ms
2026-01-05 01:17:51,284 - INFO - step 2762 | dt: 2424.72 ms
2026-01-05 01:17:53,727 - INFO - step 2763 | dt: 2440.28 ms
2026-01-05 01:17:56,190 - INFO - step 2764 | dt: 2461.66 ms
2026-01-05 01:17:59,023 - INFO - step 2765 | dt: 2829.25 ms
2026-01-05 01:18:01,469 - INFO - step 2766 | dt: 2444.85 ms
2026-01-05 01:18:04,898 - INFO - step 2767 | dt: 3426.33 ms
2026-01-05 01:18:07,491 - INFO - step 2768 | dt: 2591.76 ms
2026-01-05 01:18:10,064 - INFO - step 2769 | dt: 2570.73 ms
2026-01-05 01:18:12,595 - INFO - step 2770 | dt: 2528.94 ms
2026-01-05 01:18:15,765 - INFO - step 2771 | dt: 3167.51 ms
2026-01-05 01:18:19,177 - INFO - step 2772 | dt: 3409.45 ms
2026-01-05 01:18:21,995 - INFO - step 2773 | dt: 2816.49 ms
2026-01-05 01:18:24,366 - INFO - step 2774 | dt: 2369.52 ms
2026-01-05 01:18:27,709 - INFO - step 2775 | dt: 3339.91 ms
2026-01-05 01:18:31,116 - INFO - step 2776 | dt: 3405.96 ms
2026-01-05 01:18:33,575 - INFO - step 2777 | dt: 2456.56 ms
2026-01-05 01:18:36,091 - INFO - step 2778 | dt: 2513.66 ms
2026-01-05 01:18:38,435 - INFO - step 2779 | dt: 2341.23 ms
2026-01-05 01:18:40,812 - INFO - step 2780 | dt: 2375.71 ms
2026-01-05 01:18:43,160 - INFO - step 2781 | dt: 2345.30 ms
2026-01-05 01:18:45,592 - INFO - step 2782 | dt: 2427.91 ms
2026-01-05 01:18:47,970 - INFO - step 2783 | dt: 2374.50 ms
2026-01-05 01:18:50,894 - INFO - step 2784 | dt: 2920.78 ms
2026-01-05 01:18:53,613 - INFO - step 2785 | dt: 2718.15 ms
2026-01-05 01:18:56,135 - INFO - step 2786 | dt: 2519.60 ms
2026-01-05 01:18:58,543 - INFO - step 2787 | dt: 2404.41 ms
2026-01-05 01:19:01,842 - INFO - step 2788 | dt: 3297.85 ms
2026-01-05 01:19:04,685 - INFO - step 2789 | dt: 2841.43 ms
2026-01-05 01:19:07,761 - INFO - step 2790 | dt: 3074.28 ms
2026-01-05 01:19:10,172 - INFO - step 2791 | dt: 2410.06 ms
2026-01-05 01:19:12,694 - INFO - step 2792 | dt: 2519.26 ms
2026-01-05 01:19:15,150 - INFO - step 2793 | dt: 2453.26 ms
2026-01-05 01:19:17,913 - INFO - step 2794 | dt: 2759.70 ms
2026-01-05 01:19:21,161 - INFO - step 2795 | dt: 3244.89 ms
2026-01-05 01:19:24,285 - INFO - step 2796 | dt: 3122.39 ms
2026-01-05 01:19:27,207 - INFO - step 2797 | dt: 2919.94 ms
2026-01-05 01:19:30,414 - INFO - step 2798 | dt: 3205.36 ms
2026-01-05 01:19:33,459 - INFO - step 2799 | dt: 3034.73 ms
2026-01-05 01:19:36,729 - INFO - step 2800 | dt: 3266.40 ms
2026-01-05 01:19:39,941 - INFO - step 2801 | dt: 3211.24 ms
2026-01-05 01:19:42,931 - INFO - step 2802 | dt: 2987.08 ms
2026-01-05 01:19:45,471 - INFO - step 2803 | dt: 2539.05 ms
2026-01-05 01:19:47,848 - INFO - step 2804 | dt: 2375.40 ms
2026-01-05 01:19:51,032 - INFO - step 2805 | dt: 3180.96 ms
2026-01-05 01:19:53,675 - INFO - step 2806 | dt: 2640.74 ms
2026-01-05 01:19:56,802 - INFO - step 2807 | dt: 3125.44 ms
2026-01-05 01:19:59,151 - INFO - step 2808 | dt: 2347.58 ms
2026-01-05 01:20:01,531 - INFO - step 2809 | dt: 2377.63 ms
2026-01-05 01:20:03,967 - INFO - step 2810 | dt: 2433.47 ms
2026-01-05 01:20:06,323 - INFO - step 2811 | dt: 2353.51 ms
2026-01-05 01:20:09,416 - INFO - step 2812 | dt: 3090.96 ms
2026-01-05 01:20:12,207 - INFO - step 2813 | dt: 2790.47 ms
2026-01-05 01:20:14,687 - INFO - step 2814 | dt: 2478.01 ms
2026-01-05 01:20:17,242 - INFO - step 2815 | dt: 2550.50 ms
2026-01-05 01:20:19,699 - INFO - step 2816 | dt: 2456.41 ms
2026-01-05 01:20:22,216 - INFO - step 2817 | dt: 2514.72 ms
2026-01-05 01:20:24,563 - INFO - step 2818 | dt: 2344.49 ms
2026-01-05 01:20:26,932 - INFO - step 2819 | dt: 2364.34 ms
2026-01-05 01:20:29,379 - INFO - step 2820 | dt: 2444.56 ms
2026-01-05 01:20:31,792 - INFO - step 2821 | dt: 2410.90 ms
2026-01-05 01:20:34,295 - INFO - step 2822 | dt: 2501.55 ms
2026-01-05 01:20:36,701 - INFO - step 2823 | dt: 2404.59 ms
2026-01-05 01:20:39,056 - INFO - step 2824 | dt: 2352.36 ms
2026-01-05 01:20:41,540 - INFO - step 2825 | dt: 2482.47 ms
2026-01-05 01:20:44,052 - INFO - step 2826 | dt: 2508.99 ms
2026-01-05 01:20:46,422 - INFO - step 2827 | dt: 2368.11 ms
2026-01-05 01:20:48,948 - INFO - step 2828 | dt: 2524.04 ms
2026-01-05 01:20:52,003 - INFO - step 2829 | dt: 3053.14 ms
2026-01-05 01:20:54,540 - INFO - step 2830 | dt: 2535.58 ms
2026-01-05 01:20:57,028 - INFO - step 2831 | dt: 2486.96 ms
2026-01-05 01:20:59,644 - INFO - step 2832 | dt: 2612.09 ms
2026-01-05 01:21:02,712 - INFO - step 2833 | dt: 3065.52 ms
2026-01-05 01:21:05,046 - INFO - step 2834 | dt: 2332.75 ms
2026-01-05 01:21:07,496 - INFO - step 2835 | dt: 2447.59 ms
2026-01-05 01:21:10,031 - INFO - step 2836 | dt: 2533.59 ms
2026-01-05 01:21:13,186 - INFO - step 2837 | dt: 3152.81 ms
2026-01-05 01:21:16,470 - INFO - step 2838 | dt: 3282.85 ms
2026-01-05 01:21:19,318 - INFO - step 2839 | dt: 2845.09 ms
2026-01-05 01:21:22,723 - INFO - step 2840 | dt: 3404.23 ms
2026-01-05 01:21:25,159 - INFO - step 2841 | dt: 2433.44 ms
2026-01-05 01:21:28,349 - INFO - step 2842 | dt: 3188.15 ms
2026-01-05 01:21:30,925 - INFO - step 2843 | dt: 2574.55 ms
2026-01-05 01:21:33,592 - INFO - step 2844 | dt: 2666.29 ms
2026-01-05 01:21:36,528 - INFO - step 2845 | dt: 2934.19 ms
2026-01-05 01:21:39,522 - INFO - step 2846 | dt: 2991.87 ms
2026-01-05 01:21:42,164 - INFO - step 2847 | dt: 2639.69 ms
2026-01-05 01:21:44,709 - INFO - step 2848 | dt: 2541.88 ms
2026-01-05 01:21:48,109 - INFO - step 2849 | dt: 3388.63 ms
2026-01-05 01:21:50,584 - INFO - step 2850 | dt: 2472.36 ms
2026-01-05 01:21:53,022 - INFO - step 2851 | dt: 2436.11 ms
2026-01-05 01:21:55,475 - INFO - step 2852 | dt: 2451.28 ms
2026-01-05 01:21:57,920 - INFO - step 2853 | dt: 2442.27 ms
2026-01-05 01:22:00,403 - INFO - step 2854 | dt: 2481.79 ms
2026-01-05 01:22:02,849 - INFO - step 2855 | dt: 2444.56 ms
2026-01-05 01:22:05,508 - INFO - step 2856 | dt: 2656.10 ms
2026-01-05 01:22:08,012 - INFO - step 2857 | dt: 2502.10 ms
2026-01-05 01:22:10,536 - INFO - step 2858 | dt: 2523.36 ms
2026-01-05 01:22:12,979 - INFO - step 2859 | dt: 2440.02 ms
2026-01-05 01:22:15,506 - INFO - step 2860 | dt: 2525.35 ms
2026-01-05 01:22:17,909 - INFO - step 2861 | dt: 2400.80 ms
2026-01-05 01:22:20,366 - INFO - step 2862 | dt: 2456.24 ms
2026-01-05 01:22:22,804 - INFO - step 2863 | dt: 2435.98 ms
2026-01-05 01:22:25,221 - INFO - step 2864 | dt: 2415.38 ms
2026-01-05 01:22:27,722 - INFO - step 2865 | dt: 2498.59 ms
2026-01-05 01:22:30,272 - INFO - step 2866 | dt: 2547.66 ms
2026-01-05 01:22:32,949 - INFO - step 2867 | dt: 2676.25 ms
2026-01-05 01:22:35,442 - INFO - step 2868 | dt: 2490.25 ms
2026-01-05 01:22:37,860 - INFO - step 2869 | dt: 2416.06 ms
2026-01-05 01:22:40,369 - INFO - step 2870 | dt: 2506.99 ms
2026-01-05 01:22:42,772 - INFO - step 2871 | dt: 2399.94 ms
2026-01-05 01:22:45,316 - INFO - step 2872 | dt: 2542.80 ms
2026-01-05 01:22:47,744 - INFO - step 2873 | dt: 2422.39 ms
2026-01-05 01:22:50,230 - INFO - step 2874 | dt: 2483.75 ms
2026-01-05 01:22:52,684 - INFO - step 2875 | dt: 2452.19 ms
2026-01-05 01:22:56,089 - INFO - step 2876 | dt: 3403.20 ms
2026-01-05 01:22:59,311 - INFO - step 2877 | dt: 3219.73 ms
2026-01-05 01:23:01,776 - INFO - step 2878 | dt: 2462.97 ms
2026-01-05 01:23:04,211 - INFO - step 2879 | dt: 2433.91 ms
2026-01-05 01:23:06,634 - INFO - step 2880 | dt: 2420.86 ms
2026-01-05 01:23:09,135 - INFO - step 2881 | dt: 2499.25 ms
2026-01-05 01:23:11,575 - INFO - step 2882 | dt: 2437.57 ms
2026-01-05 01:23:14,129 - INFO - step 2883 | dt: 2552.69 ms
2026-01-05 01:23:16,632 - INFO - step 2884 | dt: 2499.25 ms
2026-01-05 01:23:19,016 - INFO - step 2885 | dt: 2382.61 ms
2026-01-05 01:23:22,089 - INFO - step 2886 | dt: 3071.00 ms
2026-01-05 01:23:24,595 - INFO - step 2887 | dt: 2503.39 ms
2026-01-05 01:23:27,183 - INFO - step 2888 | dt: 2586.16 ms
2026-01-05 01:23:29,734 - INFO - step 2889 | dt: 2548.67 ms
2026-01-05 01:23:32,248 - INFO - step 2890 | dt: 2511.31 ms
2026-01-05 01:23:34,662 - INFO - step 2891 | dt: 2411.50 ms
2026-01-05 01:23:37,101 - INFO - step 2892 | dt: 2437.49 ms
2026-01-05 01:23:39,636 - INFO - step 2893 | dt: 2533.45 ms
2026-01-05 01:23:42,167 - INFO - step 2894 | dt: 2529.03 ms
2026-01-05 01:23:44,735 - INFO - step 2895 | dt: 2566.06 ms
2026-01-05 01:23:47,236 - INFO - step 2896 | dt: 2498.68 ms
2026-01-05 01:23:49,746 - INFO - step 2897 | dt: 2508.15 ms
2026-01-05 01:23:52,380 - INFO - step 2898 | dt: 2631.98 ms
2026-01-05 01:23:55,315 - INFO - step 2899 | dt: 2931.57 ms
2026-01-05 01:23:58,724 - INFO - step 2900 | dt: 3404.43 ms
2026-01-05 01:24:01,272 - INFO - step 2901 | dt: 2545.96 ms
2026-01-05 01:24:03,720 - INFO - step 2902 | dt: 2444.82 ms
2026-01-05 01:24:06,179 - INFO - step 2903 | dt: 2455.61 ms
2026-01-05 01:24:08,653 - INFO - step 2904 | dt: 2473.46 ms
2026-01-05 01:24:11,052 - INFO - step 2905 | dt: 2396.57 ms
2026-01-05 01:24:14,122 - INFO - step 2906 | dt: 3068.08 ms
2026-01-05 01:24:16,725 - INFO - step 2907 | dt: 2602.03 ms
2026-01-05 01:24:19,476 - INFO - step 2908 | dt: 2748.83 ms
2026-01-05 01:24:22,874 - INFO - step 2909 | dt: 3396.12 ms
2026-01-05 01:24:25,885 - INFO - step 2910 | dt: 3009.11 ms
2026-01-05 01:24:28,252 - INFO - step 2911 | dt: 2365.03 ms
2026-01-05 01:24:31,603 - INFO - step 2912 | dt: 3349.08 ms
2026-01-05 01:24:34,052 - INFO - step 2913 | dt: 2447.41 ms
2026-01-05 01:24:36,559 - INFO - step 2914 | dt: 2505.43 ms
2026-01-05 01:24:39,112 - INFO - step 2915 | dt: 2549.53 ms
2026-01-05 01:24:42,304 - INFO - step 2916 | dt: 3190.30 ms
2026-01-05 01:24:44,699 - INFO - step 2917 | dt: 2392.81 ms
2026-01-05 01:24:47,202 - INFO - step 2918 | dt: 2501.45 ms
2026-01-05 01:24:50,571 - INFO - step 2919 | dt: 3367.48 ms
2026-01-05 01:24:53,185 - INFO - step 2920 | dt: 2611.40 ms
2026-01-05 01:24:55,664 - INFO - step 2921 | dt: 2476.84 ms
2026-01-05 01:24:58,037 - INFO - step 2922 | dt: 2371.74 ms
2026-01-05 01:25:00,457 - INFO - step 2923 | dt: 2416.53 ms
2026-01-05 01:25:02,916 - INFO - step 2924 | dt: 2457.47 ms
2026-01-05 01:25:05,523 - INFO - step 2925 | dt: 2605.55 ms
2026-01-05 01:25:08,185 - INFO - step 2926 | dt: 2659.43 ms
2026-01-05 01:25:10,812 - INFO - step 2927 | dt: 2624.41 ms
2026-01-05 01:25:13,231 - INFO - step 2928 | dt: 2416.99 ms
2026-01-05 01:25:15,659 - INFO - step 2929 | dt: 2426.11 ms
2026-01-05 01:25:18,024 - INFO - step 2930 | dt: 2361.51 ms
2026-01-05 01:25:20,735 - INFO - step 2931 | dt: 2701.44 ms
2026-01-05 01:25:23,313 - INFO - step 2932 | dt: 2576.82 ms
2026-01-05 01:25:25,926 - INFO - step 2933 | dt: 2611.43 ms
2026-01-05 01:25:28,443 - INFO - step 2934 | dt: 2514.28 ms
2026-01-05 01:25:30,930 - INFO - step 2935 | dt: 2484.68 ms
2026-01-05 01:25:33,408 - INFO - step 2936 | dt: 2475.97 ms
2026-01-05 01:25:36,592 - INFO - step 2937 | dt: 3180.92 ms
2026-01-05 01:25:39,490 - INFO - step 2938 | dt: 2896.15 ms
2026-01-05 01:25:42,531 - INFO - step 2939 | dt: 3039.41 ms
2026-01-05 01:25:45,616 - INFO - step 2940 | dt: 3082.33 ms
2026-01-05 01:25:48,912 - INFO - step 2941 | dt: 3293.83 ms
2026-01-05 01:25:51,347 - INFO - step 2942 | dt: 2433.51 ms
2026-01-05 01:25:53,775 - INFO - step 2943 | dt: 2425.44 ms
2026-01-05 01:25:57,375 - INFO - step 2944 | dt: 3598.23 ms
2026-01-05 01:25:59,842 - INFO - step 2945 | dt: 2463.68 ms
2026-01-05 01:26:02,222 - INFO - step 2946 | dt: 2378.41 ms
2026-01-05 01:26:05,367 - INFO - step 2947 | dt: 3143.75 ms
2026-01-05 01:26:07,894 - INFO - step 2948 | dt: 2524.31 ms
2026-01-05 01:26:11,524 - INFO - step 2949 | dt: 3627.55 ms
2026-01-05 01:26:14,621 - INFO - step 2950 | dt: 3094.46 ms
2026-01-05 01:26:17,504 - INFO - step 2951 | dt: 2881.74 ms
2026-01-05 01:26:20,640 - INFO - step 2952 | dt: 3134.51 ms
2026-01-05 01:26:23,644 - INFO - step 2953 | dt: 3001.79 ms
2026-01-05 01:26:27,025 - INFO - step 2954 | dt: 3379.04 ms
2026-01-05 01:26:30,030 - INFO - step 2955 | dt: 3002.17 ms
2026-01-05 01:26:32,531 - INFO - step 2956 | dt: 2499.21 ms
2026-01-05 01:26:34,966 - INFO - step 2957 | dt: 2433.61 ms
2026-01-05 01:26:37,646 - INFO - step 2958 | dt: 2677.58 ms
2026-01-05 01:26:40,158 - INFO - step 2959 | dt: 2511.06 ms
2026-01-05 01:26:42,565 - INFO - step 2960 | dt: 2405.18 ms
2026-01-05 01:26:44,968 - INFO - step 2961 | dt: 2401.58 ms
2026-01-05 01:26:48,267 - INFO - step 2962 | dt: 3297.52 ms
2026-01-05 01:26:51,114 - INFO - step 2963 | dt: 2846.09 ms
2026-01-05 01:26:53,599 - INFO - step 2964 | dt: 2484.22 ms
2026-01-05 01:26:57,014 - INFO - step 2965 | dt: 3413.27 ms
2026-01-05 01:27:00,107 - INFO - step 2966 | dt: 3090.78 ms
2026-01-05 01:27:03,229 - INFO - step 2967 | dt: 3120.12 ms
2026-01-05 01:27:06,059 - INFO - step 2968 | dt: 2828.49 ms
2026-01-05 01:27:08,439 - INFO - step 2969 | dt: 2379.08 ms
2026-01-05 01:27:11,081 - INFO - step 2970 | dt: 2640.67 ms
2026-01-05 01:27:13,519 - INFO - step 2971 | dt: 2434.34 ms
2026-01-05 01:27:15,952 - INFO - step 2972 | dt: 2430.38 ms
2026-01-05 01:27:18,402 - INFO - step 2973 | dt: 2447.84 ms
2026-01-05 01:27:20,831 - INFO - step 2974 | dt: 2426.80 ms
2026-01-05 01:27:23,249 - INFO - step 2975 | dt: 2416.69 ms
2026-01-05 01:27:25,854 - INFO - step 2976 | dt: 2601.95 ms
2026-01-05 01:27:28,368 - INFO - step 2977 | dt: 2511.58 ms
2026-01-05 01:27:31,606 - INFO - step 2978 | dt: 3234.99 ms
2026-01-05 01:27:34,162 - INFO - step 2979 | dt: 2554.27 ms
2026-01-05 01:27:36,628 - INFO - step 2980 | dt: 2463.78 ms
2026-01-05 01:27:38,998 - INFO - step 2981 | dt: 2367.74 ms
2026-01-05 01:27:41,613 - INFO - step 2982 | dt: 2612.82 ms
2026-01-05 01:27:44,105 - INFO - step 2983 | dt: 2488.96 ms
2026-01-05 01:27:46,971 - INFO - step 2984 | dt: 2863.43 ms
2026-01-05 01:27:49,367 - INFO - step 2985 | dt: 2394.00 ms
2026-01-05 01:27:51,837 - INFO - step 2986 | dt: 2467.86 ms
2026-01-05 01:27:54,271 - INFO - step 2987 | dt: 2433.20 ms
2026-01-05 01:27:56,749 - INFO - step 2988 | dt: 2473.94 ms
2026-01-05 01:27:59,125 - INFO - step 2989 | dt: 2374.81 ms
2026-01-05 01:28:01,706 - INFO - step 2990 | dt: 2579.16 ms
2026-01-05 01:28:04,213 - INFO - step 2991 | dt: 2505.50 ms
2026-01-05 01:28:07,687 - INFO - step 2992 | dt: 3471.56 ms
2026-01-05 01:28:11,202 - INFO - step 2993 | dt: 3513.73 ms
2026-01-05 01:28:14,724 - INFO - step 2994 | dt: 3519.70 ms
2026-01-05 01:28:17,245 - INFO - step 2995 | dt: 2518.70 ms
2026-01-05 01:28:20,708 - INFO - step 2996 | dt: 3460.67 ms
2026-01-05 01:28:23,840 - INFO - step 2997 | dt: 3130.77 ms
2026-01-05 01:28:26,600 - INFO - step 2998 | dt: 2758.01 ms
2026-01-05 01:28:29,517 - INFO - step 2999 | dt: 2913.63 ms
2026-01-05 01:28:32,155 - INFO - step 3000 | dt: 2634.06 ms
2026-01-05 01:28:35,320 - INFO - step 3001 | dt: 3163.41 ms
2026-01-05 01:28:37,756 - INFO - step 3002 | dt: 2433.51 ms
2026-01-05 01:28:40,150 - INFO - step 3003 | dt: 2392.25 ms
2026-01-05 01:28:42,589 - INFO - step 3004 | dt: 2436.39 ms
2026-01-05 01:28:45,262 - INFO - step 3005 | dt: 2671.15 ms
2026-01-05 01:28:47,695 - INFO - step 3006 | dt: 2431.06 ms
2026-01-05 01:28:50,769 - INFO - step 3007 | dt: 3072.46 ms
2026-01-05 01:28:53,256 - INFO - step 3008 | dt: 2484.72 ms
2026-01-05 01:28:56,370 - INFO - step 3009 | dt: 3109.07 ms
2026-01-05 01:28:58,892 - INFO - step 3010 | dt: 2520.67 ms
2026-01-05 01:29:01,311 - INFO - step 3011 | dt: 2416.84 ms
2026-01-05 01:29:03,822 - INFO - step 3012 | dt: 2508.48 ms
2026-01-05 01:29:06,304 - INFO - step 3013 | dt: 2480.38 ms
2026-01-05 01:29:09,537 - INFO - step 3014 | dt: 3230.03 ms
2026-01-05 01:29:12,108 - INFO - step 3015 | dt: 2570.13 ms
2026-01-05 01:29:14,591 - INFO - step 3016 | dt: 2479.76 ms
2026-01-05 01:29:17,836 - INFO - step 3017 | dt: 3243.41 ms
2026-01-05 01:29:20,424 - INFO - step 3018 | dt: 2586.09 ms
2026-01-05 01:29:22,890 - INFO - step 3019 | dt: 2464.67 ms
2026-01-05 01:29:25,369 - INFO - step 3020 | dt: 2477.34 ms
2026-01-05 01:29:27,766 - INFO - step 3021 | dt: 2394.13 ms
2026-01-05 01:29:30,959 - INFO - step 3022 | dt: 3191.22 ms
2026-01-05 01:29:33,609 - INFO - step 3023 | dt: 2647.00 ms
2026-01-05 01:29:36,103 - INFO - step 3024 | dt: 2490.92 ms
2026-01-05 01:29:39,249 - INFO - step 3025 | dt: 3144.15 ms
2026-01-05 01:29:42,010 - INFO - step 3026 | dt: 2759.95 ms
2026-01-05 01:29:44,413 - INFO - step 3027 | dt: 2400.02 ms
2026-01-05 01:29:46,874 - INFO - step 3028 | dt: 2459.78 ms
2026-01-05 01:29:49,338 - INFO - step 3029 | dt: 2462.55 ms
2026-01-05 01:29:51,777 - INFO - step 3030 | dt: 2436.48 ms
2026-01-05 01:29:54,451 - INFO - step 3031 | dt: 2672.65 ms
2026-01-05 01:29:56,871 - INFO - step 3032 | dt: 2416.88 ms
2026-01-05 01:29:59,266 - INFO - step 3033 | dt: 2384.43 ms
2026-01-05 01:30:02,386 - INFO - step 3034 | dt: 3118.02 ms
2026-01-05 01:30:05,421 - INFO - step 3035 | dt: 3033.39 ms
2026-01-05 01:30:07,828 - INFO - step 3036 | dt: 2405.34 ms
2026-01-05 01:30:10,232 - INFO - step 3037 | dt: 2401.14 ms
2026-01-05 01:30:12,664 - INFO - step 3038 | dt: 2430.62 ms
2026-01-05 01:30:15,080 - INFO - step 3039 | dt: 2412.84 ms
2026-01-05 01:30:17,673 - INFO - step 3040 | dt: 2591.47 ms
2026-01-05 01:30:20,429 - INFO - step 3041 | dt: 2755.17 ms
2026-01-05 01:30:22,834 - INFO - step 3042 | dt: 2402.17 ms
2026-01-05 01:30:25,246 - INFO - step 3043 | dt: 2410.33 ms
2026-01-05 01:30:28,377 - INFO - step 3044 | dt: 3128.93 ms
2026-01-05 01:30:31,425 - INFO - step 3045 | dt: 3046.68 ms
2026-01-05 01:30:34,723 - INFO - step 3046 | dt: 3296.71 ms
2026-01-05 01:30:37,916 - INFO - step 3047 | dt: 3190.47 ms
2026-01-05 01:30:40,451 - INFO - step 3048 | dt: 2533.43 ms
2026-01-05 01:30:43,364 - INFO - step 3049 | dt: 2909.89 ms
2026-01-05 01:30:46,687 - INFO - step 3050 | dt: 3319.78 ms
2026-01-05 01:30:49,686 - INFO - step 3051 | dt: 2997.09 ms
2026-01-05 01:30:52,678 - INFO - step 3052 | dt: 2991.08 ms
2026-01-05 01:30:55,726 - INFO - step 3053 | dt: 3045.48 ms
2026-01-05 01:30:58,100 - INFO - step 3054 | dt: 2372.89 ms
2026-01-05 01:31:01,299 - INFO - step 3055 | dt: 3196.72 ms
2026-01-05 01:31:03,877 - INFO - step 3056 | dt: 2576.54 ms
2026-01-05 01:31:06,510 - INFO - step 3057 | dt: 2630.96 ms
2026-01-05 01:31:09,445 - INFO - step 3058 | dt: 2932.62 ms
2026-01-05 01:31:12,022 - INFO - step 3059 | dt: 2575.47 ms
2026-01-05 01:31:14,558 - INFO - step 3060 | dt: 2534.44 ms
2026-01-05 01:31:17,126 - INFO - step 3061 | dt: 2566.38 ms
2026-01-05 01:31:20,510 - INFO - step 3062 | dt: 3381.87 ms
2026-01-05 01:31:23,255 - INFO - step 3063 | dt: 2743.08 ms
2026-01-05 01:31:25,693 - INFO - step 3064 | dt: 2436.82 ms
2026-01-05 01:31:28,078 - INFO - step 3065 | dt: 2381.68 ms
2026-01-05 01:31:30,473 - INFO - step 3066 | dt: 2393.02 ms
2026-01-05 01:31:33,521 - INFO - step 3067 | dt: 3046.56 ms
2026-01-05 01:31:36,678 - INFO - step 3068 | dt: 3150.62 ms
2026-01-05 01:31:39,124 - INFO - step 3069 | dt: 2445.40 ms
2026-01-05 01:31:42,301 - INFO - step 3070 | dt: 3174.08 ms
2026-01-05 01:31:44,870 - INFO - step 3071 | dt: 2567.33 ms
2026-01-05 01:31:47,281 - INFO - step 3072 | dt: 2409.08 ms
2026-01-05 01:31:50,635 - INFO - step 3073 | dt: 3351.78 ms
2026-01-05 01:31:53,010 - INFO - step 3074 | dt: 2371.62 ms
2026-01-05 01:31:55,376 - INFO - step 3075 | dt: 2365.43 ms
2026-01-05 01:31:57,802 - INFO - step 3076 | dt: 2424.24 ms
2026-01-05 01:32:00,168 - INFO - step 3077 | dt: 2361.17 ms
2026-01-05 01:32:02,536 - INFO - step 3078 | dt: 2366.93 ms
2026-01-05 01:32:04,891 - INFO - step 3079 | dt: 2353.20 ms
2026-01-05 01:32:07,461 - INFO - step 3080 | dt: 2566.78 ms
2026-01-05 01:32:09,942 - INFO - step 3081 | dt: 2478.44 ms
2026-01-05 01:32:12,311 - INFO - step 3082 | dt: 2367.71 ms
2026-01-05 01:32:14,697 - INFO - step 3083 | dt: 2383.36 ms
2026-01-05 01:32:17,840 - INFO - step 3084 | dt: 3141.03 ms
2026-01-05 01:32:20,327 - INFO - step 3085 | dt: 2485.04 ms
2026-01-05 01:32:22,809 - INFO - step 3086 | dt: 2480.47 ms
2026-01-05 01:32:25,659 - INFO - step 3087 | dt: 2848.75 ms
2026-01-05 01:32:28,132 - INFO - step 3088 | dt: 2470.99 ms
2026-01-05 01:32:30,501 - INFO - step 3089 | dt: 2367.26 ms
2026-01-05 01:32:33,117 - INFO - step 3090 | dt: 2615.06 ms
2026-01-05 01:32:35,489 - INFO - step 3091 | dt: 2369.29 ms
2026-01-05 01:32:37,908 - INFO - step 3092 | dt: 2417.14 ms
2026-01-05 01:32:40,247 - INFO - step 3093 | dt: 2337.52 ms
2026-01-05 01:32:42,641 - INFO - step 3094 | dt: 2391.45 ms
2026-01-05 01:32:45,782 - INFO - step 3095 | dt: 3139.26 ms
2026-01-05 01:32:48,279 - INFO - step 3096 | dt: 2495.33 ms
2026-01-05 01:32:50,711 - INFO - step 3097 | dt: 2428.70 ms
2026-01-05 01:32:53,058 - INFO - step 3098 | dt: 2345.30 ms
2026-01-05 01:32:55,583 - INFO - step 3099 | dt: 2521.65 ms
2026-01-05 01:32:58,649 - INFO - step 3100 | dt: 3061.33 ms
2026-01-05 01:33:01,233 - INFO - step 3101 | dt: 2583.05 ms
2026-01-05 01:33:03,726 - INFO - step 3102 | dt: 2489.01 ms
2026-01-05 01:33:06,261 - INFO - step 3103 | dt: 2533.17 ms
2026-01-05 01:33:08,620 - INFO - step 3104 | dt: 2356.62 ms
2026-01-05 01:33:10,983 - INFO - step 3105 | dt: 2360.38 ms
2026-01-05 01:33:13,452 - INFO - step 3106 | dt: 2467.05 ms
2026-01-05 01:33:15,966 - INFO - step 3107 | dt: 2513.50 ms
2026-01-05 01:33:18,382 - INFO - step 3108 | dt: 2413.36 ms
2026-01-05 01:33:20,808 - INFO - step 3109 | dt: 2424.68 ms
2026-01-05 01:33:23,133 - INFO - step 3110 | dt: 2322.86 ms
2026-01-05 01:33:25,661 - INFO - step 3111 | dt: 2525.72 ms
2026-01-05 01:33:28,763 - INFO - step 3112 | dt: 3100.52 ms
2026-01-05 01:33:31,280 - INFO - step 3113 | dt: 2515.06 ms
2026-01-05 01:33:33,774 - INFO - step 3114 | dt: 2492.71 ms
2026-01-05 01:33:36,836 - INFO - step 3115 | dt: 3060.03 ms
2026-01-05 01:33:39,239 - INFO - step 3116 | dt: 2400.94 ms
2026-01-05 01:33:41,782 - INFO - step 3117 | dt: 2540.72 ms
2026-01-05 01:33:44,930 - INFO - step 3118 | dt: 3145.19 ms
2026-01-05 01:33:47,259 - INFO - step 3119 | dt: 2327.02 ms
2026-01-05 01:33:50,547 - INFO - step 3120 | dt: 3285.68 ms
2026-01-05 01:33:52,899 - INFO - step 3121 | dt: 2350.35 ms
2026-01-05 01:33:55,253 - INFO - step 3122 | dt: 2350.76 ms
2026-01-05 01:33:57,721 - INFO - step 3123 | dt: 2466.27 ms
2026-01-05 01:34:00,084 - INFO - step 3124 | dt: 2361.69 ms
2026-01-05 01:34:02,484 - INFO - step 3125 | dt: 2397.49 ms
2026-01-05 01:34:04,837 - INFO - step 3126 | dt: 2351.81 ms
2026-01-05 01:34:08,117 - INFO - step 3127 | dt: 3278.27 ms
2026-01-05 01:34:10,516 - INFO - step 3128 | dt: 2396.54 ms
2026-01-05 01:34:13,105 - INFO - step 3129 | dt: 2587.43 ms
2026-01-05 01:34:15,642 - INFO - step 3130 | dt: 2535.64 ms
2026-01-05 01:34:18,014 - INFO - step 3131 | dt: 2369.29 ms
2026-01-05 01:34:21,007 - INFO - step 3132 | dt: 2990.93 ms
2026-01-05 01:34:23,879 - INFO - step 3133 | dt: 2870.22 ms
2026-01-05 01:34:27,236 - INFO - step 3134 | dt: 3355.88 ms
2026-01-05 01:34:29,874 - INFO - step 3135 | dt: 2636.16 ms
2026-01-05 01:34:32,308 - INFO - step 3136 | dt: 2431.86 ms
2026-01-05 01:34:35,345 - INFO - step 3137 | dt: 3034.65 ms
2026-01-05 01:34:38,636 - INFO - step 3138 | dt: 3290.27 ms
2026-01-05 01:34:41,766 - INFO - step 3139 | dt: 3126.82 ms
2026-01-05 01:34:44,315 - INFO - step 3140 | dt: 2547.47 ms
2026-01-05 01:34:46,788 - INFO - step 3141 | dt: 2470.14 ms
2026-01-05 01:34:49,172 - INFO - step 3142 | dt: 2381.55 ms
2026-01-05 01:34:52,284 - INFO - step 3143 | dt: 3109.01 ms
2026-01-05 01:34:54,669 - INFO - step 3144 | dt: 2383.03 ms
2026-01-05 01:34:57,257 - INFO - step 3145 | dt: 2585.00 ms
2026-01-05 01:34:59,660 - INFO - step 3146 | dt: 2401.98 ms
2026-01-05 01:35:02,196 - INFO - step 3147 | dt: 2533.08 ms
2026-01-05 01:35:05,103 - INFO - step 3148 | dt: 2904.99 ms
2026-01-05 01:35:08,011 - INFO - step 3149 | dt: 2905.56 ms
2026-01-05 01:35:11,170 - INFO - step 3150 | dt: 3156.18 ms
2026-01-05 01:35:13,747 - INFO - step 3151 | dt: 2574.03 ms
2026-01-05 01:35:16,257 - INFO - step 3152 | dt: 2509.12 ms
2026-01-05 01:35:18,626 - INFO - step 3153 | dt: 2365.35 ms
2026-01-05 01:35:21,695 - INFO - step 3154 | dt: 3067.08 ms
2026-01-05 01:35:24,454 - INFO - step 3155 | dt: 2758.03 ms
2026-01-05 01:35:26,886 - INFO - step 3156 | dt: 2430.60 ms
2026-01-05 01:35:30,191 - INFO - step 3157 | dt: 3301.45 ms
2026-01-05 01:35:33,519 - INFO - step 3158 | dt: 3327.00 ms
2026-01-05 01:35:36,553 - INFO - step 3159 | dt: 3031.87 ms
2026-01-05 01:35:39,343 - INFO - step 3160 | dt: 2788.95 ms
2026-01-05 01:35:41,778 - INFO - step 3161 | dt: 2433.10 ms
2026-01-05 01:35:44,129 - INFO - step 3162 | dt: 2348.24 ms
2026-01-05 01:35:47,286 - INFO - step 3163 | dt: 3154.79 ms
2026-01-05 01:35:50,375 - INFO - step 3164 | dt: 3087.41 ms
2026-01-05 01:35:52,804 - INFO - step 3165 | dt: 2427.89 ms
2026-01-05 01:35:55,934 - INFO - step 3166 | dt: 3127.77 ms
2026-01-05 01:35:58,449 - INFO - step 3167 | dt: 2512.33 ms
2026-01-05 01:36:00,863 - INFO - step 3168 | dt: 2412.50 ms
2026-01-05 01:36:03,365 - INFO - step 3169 | dt: 2499.98 ms
2026-01-05 01:36:06,703 - INFO - step 3170 | dt: 3334.57 ms
2026-01-05 01:36:09,085 - INFO - step 3171 | dt: 2381.31 ms
2026-01-05 01:36:11,498 - INFO - step 3172 | dt: 2409.66 ms
2026-01-05 01:36:13,942 - INFO - step 3173 | dt: 2442.69 ms
2026-01-05 01:36:16,297 - INFO - step 3174 | dt: 2352.75 ms
2026-01-05 01:36:18,609 - INFO - step 3175 | dt: 2309.76 ms
2026-01-05 01:36:21,528 - INFO - step 3176 | dt: 2917.84 ms
2026-01-05 01:36:23,889 - INFO - step 3177 | dt: 2359.90 ms
2026-01-05 01:36:26,559 - INFO - step 3178 | dt: 2667.58 ms
2026-01-05 01:36:28,970 - INFO - step 3179 | dt: 2407.86 ms
2026-01-05 01:36:32,745 - INFO - step 3180 | dt: 3772.88 ms
2026-01-05 01:36:35,665 - INFO - step 3181 | dt: 2917.63 ms
2026-01-05 01:36:38,337 - INFO - step 3182 | dt: 2670.22 ms
2026-01-05 01:36:40,696 - INFO - step 3183 | dt: 2358.30 ms
2026-01-05 01:36:43,162 - INFO - step 3184 | dt: 2461.91 ms
2026-01-05 01:36:45,552 - INFO - step 3185 | dt: 2388.40 ms
2026-01-05 01:36:48,035 - INFO - step 3186 | dt: 2481.91 ms
2026-01-05 01:36:50,718 - INFO - step 3187 | dt: 2680.18 ms
2026-01-05 01:36:53,101 - INFO - step 3188 | dt: 2381.83 ms
2026-01-05 01:36:56,351 - INFO - step 3189 | dt: 3246.64 ms
2026-01-05 01:36:58,903 - INFO - step 3190 | dt: 2550.36 ms
2026-01-05 01:37:02,368 - INFO - step 3191 | dt: 3463.21 ms
2026-01-05 01:37:05,259 - INFO - step 3192 | dt: 2889.16 ms
2026-01-05 01:37:07,658 - INFO - step 3193 | dt: 2397.56 ms
2026-01-05 01:37:10,027 - INFO - step 3194 | dt: 2366.35 ms
2026-01-05 01:37:13,237 - INFO - step 3195 | dt: 3206.70 ms
2026-01-05 01:37:15,634 - INFO - step 3196 | dt: 2395.58 ms
2026-01-05 01:37:18,796 - INFO - step 3197 | dt: 3159.89 ms
2026-01-05 01:37:21,210 - INFO - step 3198 | dt: 2412.36 ms
2026-01-05 01:37:23,642 - INFO - step 3199 | dt: 2428.94 ms
2026-01-05 01:37:26,031 - INFO - step 3200 | dt: 2386.75 ms
2026-01-05 01:37:28,434 - INFO - step 3201 | dt: 2399.76 ms
2026-01-05 01:37:30,769 - INFO - step 3202 | dt: 2333.48 ms
2026-01-05 01:37:33,085 - INFO - step 3203 | dt: 2313.63 ms
2026-01-05 01:37:35,485 - INFO - step 3204 | dt: 2396.22 ms
2026-01-05 01:37:37,866 - INFO - step 3205 | dt: 2380.09 ms
2026-01-05 01:37:40,231 - INFO - step 3206 | dt: 2362.67 ms
2026-01-05 01:37:42,604 - INFO - step 3207 | dt: 2368.40 ms
2026-01-05 01:37:45,088 - INFO - step 3208 | dt: 2482.28 ms
2026-01-05 01:37:47,423 - INFO - step 3209 | dt: 2333.94 ms
2026-01-05 01:37:49,775 - INFO - step 3210 | dt: 2348.88 ms
2026-01-05 01:37:52,327 - INFO - step 3211 | dt: 2550.72 ms
2026-01-05 01:37:54,774 - INFO - step 3212 | dt: 2445.32 ms
2026-01-05 01:37:57,984 - INFO - step 3213 | dt: 3208.46 ms
2026-01-05 01:38:00,364 - INFO - step 3214 | dt: 2378.29 ms
2026-01-05 01:38:02,737 - INFO - step 3215 | dt: 2370.60 ms
2026-01-05 01:38:05,952 - INFO - step 3216 | dt: 3212.61 ms
2026-01-05 01:38:08,285 - INFO - step 3217 | dt: 2331.71 ms
2026-01-05 01:38:10,690 - INFO - step 3218 | dt: 2402.08 ms
2026-01-05 01:38:13,063 - INFO - step 3219 | dt: 2371.60 ms
2026-01-05 01:38:15,478 - INFO - step 3220 | dt: 2413.38 ms
2026-01-05 01:38:17,822 - INFO - step 3221 | dt: 2341.53 ms
2026-01-05 01:38:20,238 - INFO - step 3222 | dt: 2414.50 ms
2026-01-05 01:38:22,657 - INFO - step 3223 | dt: 2416.61 ms
2026-01-05 01:38:24,993 - INFO - step 3224 | dt: 2332.99 ms
2026-01-05 01:38:27,431 - INFO - step 3225 | dt: 2435.64 ms
2026-01-05 01:38:29,856 - INFO - step 3226 | dt: 2422.57 ms
2026-01-05 01:38:32,204 - INFO - step 3227 | dt: 2346.17 ms
2026-01-05 01:38:34,542 - INFO - step 3228 | dt: 2335.95 ms
2026-01-05 01:38:36,978 - INFO - step 3229 | dt: 2432.35 ms
2026-01-05 01:38:39,476 - INFO - step 3230 | dt: 2494.89 ms
2026-01-05 01:38:41,977 - INFO - step 3231 | dt: 2499.62 ms
2026-01-05 01:38:44,339 - INFO - step 3232 | dt: 2360.00 ms
2026-01-05 01:38:46,734 - INFO - step 3233 | dt: 2393.22 ms
2026-01-05 01:38:49,099 - INFO - step 3234 | dt: 2363.84 ms
2026-01-05 01:38:51,568 - INFO - step 3235 | dt: 2466.53 ms
2026-01-05 01:38:54,014 - INFO - step 3236 | dt: 2443.07 ms
2026-01-05 01:38:57,275 - INFO - step 3237 | dt: 3259.35 ms
2026-01-05 01:38:59,781 - INFO - step 3238 | dt: 2503.12 ms
2026-01-05 01:39:02,132 - INFO - step 3239 | dt: 2349.75 ms
2026-01-05 01:39:05,027 - INFO - step 3240 | dt: 2893.42 ms
2026-01-05 01:39:08,293 - INFO - step 3241 | dt: 3263.90 ms
2026-01-05 01:39:10,677 - INFO - step 3242 | dt: 2381.96 ms
2026-01-05 01:39:13,093 - INFO - step 3243 | dt: 2414.84 ms
2026-01-05 01:39:15,564 - INFO - step 3244 | dt: 2468.82 ms
2026-01-05 01:39:18,035 - INFO - step 3245 | dt: 2467.85 ms
2026-01-05 01:39:20,398 - INFO - step 3246 | dt: 2361.28 ms
2026-01-05 01:39:22,765 - INFO - step 3247 | dt: 2364.77 ms
2026-01-05 01:39:25,177 - INFO - step 3248 | dt: 2410.26 ms
2026-01-05 01:39:27,721 - INFO - step 3249 | dt: 2541.03 ms
2026-01-05 01:39:30,381 - INFO - step 3250 | dt: 2657.05 ms
2026-01-05 01:39:32,915 - INFO - step 3251 | dt: 2532.47 ms
2026-01-05 01:39:36,197 - INFO - step 3252 | dt: 3280.82 ms
2026-01-05 01:39:38,997 - INFO - step 3253 | dt: 2797.00 ms
2026-01-05 01:39:41,401 - INFO - step 3254 | dt: 2402.76 ms
2026-01-05 01:39:44,667 - INFO - step 3255 | dt: 3264.97 ms
2026-01-05 01:39:47,337 - INFO - step 3256 | dt: 2666.36 ms
2026-01-05 01:39:50,625 - INFO - step 3257 | dt: 3286.87 ms
2026-01-05 01:39:53,667 - INFO - step 3258 | dt: 3040.07 ms
2026-01-05 01:39:56,044 - INFO - step 3259 | dt: 2375.13 ms
2026-01-05 01:39:59,308 - INFO - step 3260 | dt: 3262.01 ms
2026-01-05 01:40:02,385 - INFO - step 3261 | dt: 3075.22 ms
2026-01-05 01:40:05,172 - INFO - step 3262 | dt: 2784.70 ms
2026-01-05 01:40:07,527 - INFO - step 3263 | dt: 2353.39 ms
2026-01-05 01:40:09,930 - INFO - step 3264 | dt: 2401.37 ms
2026-01-05 01:40:12,360 - INFO - step 3265 | dt: 2428.18 ms
2026-01-05 01:40:14,777 - INFO - step 3266 | dt: 2414.65 ms
2026-01-05 01:40:17,197 - INFO - step 3267 | dt: 2418.20 ms
2026-01-05 01:40:19,689 - INFO - step 3268 | dt: 2490.20 ms
2026-01-05 01:40:22,243 - INFO - step 3269 | dt: 2552.16 ms
2026-01-05 01:40:24,591 - INFO - step 3270 | dt: 2346.28 ms
2026-01-05 01:40:26,968 - INFO - step 3271 | dt: 2374.80 ms
2026-01-05 01:40:29,336 - INFO - step 3272 | dt: 2365.95 ms
2026-01-05 01:40:31,707 - INFO - step 3273 | dt: 2369.40 ms
2026-01-05 01:40:34,132 - INFO - step 3274 | dt: 2422.04 ms
2026-01-05 01:40:36,546 - INFO - step 3275 | dt: 2412.80 ms
2026-01-05 01:40:39,566 - INFO - step 3276 | dt: 3017.79 ms
2026-01-05 01:40:42,684 - INFO - step 3277 | dt: 3115.50 ms
2026-01-05 01:40:45,035 - INFO - step 3278 | dt: 2350.41 ms
2026-01-05 01:40:47,498 - INFO - step 3279 | dt: 2460.00 ms
2026-01-05 01:40:50,040 - INFO - step 3280 | dt: 2539.49 ms
2026-01-05 01:40:52,564 - INFO - step 3281 | dt: 2523.10 ms
2026-01-05 01:40:54,919 - INFO - step 3282 | dt: 2352.74 ms
2026-01-05 01:40:58,263 - INFO - step 3283 | dt: 3340.81 ms
2026-01-05 01:41:01,153 - INFO - step 3284 | dt: 2888.42 ms
2026-01-05 01:41:03,615 - INFO - step 3285 | dt: 2460.17 ms
2026-01-05 01:41:06,090 - INFO - step 3286 | dt: 2473.80 ms
2026-01-05 01:41:08,436 - INFO - step 3287 | dt: 2344.21 ms
2026-01-05 01:41:10,815 - INFO - step 3288 | dt: 2375.19 ms
2026-01-05 01:41:13,150 - INFO - step 3289 | dt: 2332.64 ms
2026-01-05 01:41:16,514 - INFO - step 3290 | dt: 3362.78 ms
2026-01-05 01:41:19,477 - INFO - step 3291 | dt: 2959.57 ms
2026-01-05 01:41:21,950 - INFO - step 3292 | dt: 2472.21 ms
2026-01-05 01:41:24,539 - INFO - step 3293 | dt: 2586.10 ms
2026-01-05 01:41:28,070 - INFO - step 3294 | dt: 3529.67 ms
2026-01-05 01:41:31,219 - INFO - step 3295 | dt: 3146.33 ms
2026-01-05 01:41:34,674 - INFO - step 3296 | dt: 3453.53 ms
2026-01-05 01:41:37,208 - INFO - step 3297 | dt: 2531.34 ms
2026-01-05 01:41:40,374 - INFO - step 3298 | dt: 3164.63 ms
2026-01-05 01:41:43,314 - INFO - step 3299 | dt: 2937.21 ms
2026-01-05 01:41:46,453 - INFO - step 3300 | dt: 3135.93 ms
2026-01-05 01:41:49,267 - INFO - step 3301 | dt: 2812.62 ms
2026-01-05 01:41:52,315 - INFO - step 3302 | dt: 3045.93 ms
2026-01-05 01:41:55,430 - INFO - step 3303 | dt: 3112.90 ms
2026-01-05 01:41:58,442 - INFO - step 3304 | dt: 3010.31 ms
2026-01-05 01:42:01,498 - INFO - step 3305 | dt: 3054.29 ms
2026-01-05 01:42:04,465 - INFO - step 3306 | dt: 2965.29 ms
2026-01-05 01:42:07,484 - INFO - step 3307 | dt: 3015.87 ms
2026-01-05 01:42:10,642 - INFO - step 3308 | dt: 3156.78 ms
2026-01-05 01:42:13,705 - INFO - step 3309 | dt: 3061.83 ms
2026-01-05 01:42:16,250 - INFO - step 3310 | dt: 2542.38 ms
2026-01-05 01:42:18,672 - INFO - step 3311 | dt: 2420.89 ms
2026-01-05 01:42:21,025 - INFO - step 3312 | dt: 2351.91 ms
2026-01-05 01:42:23,444 - INFO - step 3313 | dt: 2416.52 ms
2026-01-05 01:42:25,913 - INFO - step 3314 | dt: 2466.28 ms
2026-01-05 01:42:28,284 - INFO - step 3315 | dt: 2368.30 ms
2026-01-05 01:42:31,369 - INFO - step 3316 | dt: 3082.82 ms
2026-01-05 01:42:33,819 - INFO - step 3317 | dt: 2448.14 ms
2026-01-05 01:42:36,270 - INFO - step 3318 | dt: 2449.58 ms
2026-01-05 01:42:38,869 - INFO - step 3319 | dt: 2596.99 ms
2026-01-05 01:42:42,085 - INFO - step 3320 | dt: 3213.55 ms
2026-01-05 01:42:45,041 - INFO - step 3321 | dt: 2954.12 ms
2026-01-05 01:42:47,547 - INFO - step 3322 | dt: 2503.46 ms
2026-01-05 01:42:50,136 - INFO - step 3323 | dt: 2587.23 ms
2026-01-05 01:42:53,537 - INFO - step 3324 | dt: 3398.50 ms
2026-01-05 01:42:56,730 - INFO - step 3325 | dt: 3191.64 ms
2026-01-05 01:42:59,891 - INFO - step 3326 | dt: 3158.11 ms
2026-01-05 01:43:02,829 - INFO - step 3327 | dt: 2936.33 ms
2026-01-05 01:43:06,054 - INFO - step 3328 | dt: 3223.88 ms
2026-01-05 01:43:08,938 - INFO - step 3329 | dt: 2880.22 ms
2026-01-05 01:43:11,381 - INFO - step 3330 | dt: 2441.84 ms
2026-01-05 01:43:13,990 - INFO - step 3331 | dt: 2606.99 ms
2026-01-05 01:43:17,040 - INFO - step 3332 | dt: 3046.91 ms
2026-01-05 01:43:19,626 - INFO - step 3333 | dt: 2584.95 ms
2026-01-05 01:43:22,388 - INFO - step 3334 | dt: 2760.74 ms
2026-01-05 01:43:24,857 - INFO - step 3335 | dt: 2465.93 ms
2026-01-05 01:43:28,356 - INFO - step 3336 | dt: 3497.30 ms
2026-01-05 01:43:30,752 - INFO - step 3337 | dt: 2395.28 ms
2026-01-05 01:43:33,165 - INFO - step 3338 | dt: 2410.05 ms
2026-01-05 01:43:35,611 - INFO - step 3339 | dt: 2437.59 ms
2026-01-05 01:43:38,018 - INFO - step 3340 | dt: 2404.88 ms
2026-01-05 01:43:40,966 - INFO - step 3341 | dt: 2945.74 ms
2026-01-05 01:43:44,181 - INFO - step 3342 | dt: 3213.72 ms
2026-01-05 01:43:46,596 - INFO - step 3343 | dt: 2412.36 ms
2026-01-05 01:43:49,032 - INFO - step 3344 | dt: 2434.74 ms
2026-01-05 01:43:51,450 - INFO - step 3345 | dt: 2415.88 ms
2026-01-05 01:43:53,855 - INFO - step 3346 | dt: 2402.16 ms
2026-01-05 01:43:56,233 - INFO - step 3347 | dt: 2375.90 ms
2026-01-05 01:43:58,709 - INFO - step 3348 | dt: 2473.63 ms
2026-01-05 01:44:01,896 - INFO - step 3349 | dt: 3184.15 ms
2026-01-05 01:44:04,330 - INFO - step 3350 | dt: 2430.15 ms
2026-01-05 01:44:06,764 - INFO - step 3351 | dt: 2433.14 ms
2026-01-05 01:44:09,159 - INFO - step 3352 | dt: 2391.18 ms
2026-01-05 01:44:11,655 - INFO - step 3353 | dt: 2494.57 ms
2026-01-05 01:44:14,103 - INFO - step 3354 | dt: 2446.12 ms
2026-01-05 01:44:16,516 - INFO - step 3355 | dt: 2410.40 ms
2026-01-05 01:44:18,900 - INFO - step 3356 | dt: 2382.33 ms
2026-01-05 01:44:21,633 - INFO - step 3357 | dt: 2731.18 ms
2026-01-05 01:44:24,117 - INFO - step 3358 | dt: 2480.75 ms
2026-01-05 01:44:26,512 - INFO - step 3359 | dt: 2393.01 ms
2026-01-05 01:44:29,811 - INFO - step 3360 | dt: 3297.39 ms
2026-01-05 01:44:32,719 - INFO - step 3361 | dt: 2905.40 ms
2026-01-05 01:44:35,106 - INFO - step 3362 | dt: 2385.59 ms
2026-01-05 01:44:38,478 - INFO - step 3363 | dt: 3370.10 ms
2026-01-05 01:44:41,099 - INFO - step 3364 | dt: 2618.94 ms
2026-01-05 01:44:43,506 - INFO - step 3365 | dt: 2405.10 ms
2026-01-05 01:44:45,914 - INFO - step 3366 | dt: 2406.76 ms
2026-01-05 01:44:48,311 - INFO - step 3367 | dt: 2394.50 ms
2026-01-05 01:44:51,238 - INFO - step 3368 | dt: 2925.14 ms
2026-01-05 01:44:54,231 - INFO - step 3369 | dt: 2992.08 ms
2026-01-05 01:44:57,508 - INFO - step 3370 | dt: 3275.42 ms
2026-01-05 01:45:00,727 - INFO - step 3371 | dt: 3216.37 ms
2026-01-05 01:45:03,938 - INFO - step 3372 | dt: 3209.72 ms
2026-01-05 01:45:07,055 - INFO - step 3373 | dt: 3114.44 ms
2026-01-05 01:45:10,252 - INFO - step 3374 | dt: 3195.95 ms
2026-01-05 01:45:13,575 - INFO - step 3375 | dt: 3320.88 ms
2026-01-05 01:45:16,452 - INFO - step 3376 | dt: 2875.52 ms
2026-01-05 01:45:19,711 - INFO - step 3377 | dt: 3257.29 ms
2026-01-05 01:45:22,771 - INFO - step 3378 | dt: 3058.63 ms
2026-01-05 01:45:25,968 - INFO - step 3379 | dt: 3195.78 ms
2026-01-05 01:45:29,105 - INFO - step 3380 | dt: 3133.57 ms
2026-01-05 01:45:32,233 - INFO - step 3381 | dt: 3126.33 ms
2026-01-05 01:45:35,417 - INFO - step 3382 | dt: 3181.46 ms
2026-01-05 01:45:38,733 - INFO - step 3383 | dt: 3313.73 ms
2026-01-05 01:45:41,794 - INFO - step 3384 | dt: 3058.42 ms
2026-01-05 01:45:44,359 - INFO - step 3385 | dt: 2563.70 ms
2026-01-05 01:45:47,057 - INFO - step 3386 | dt: 2695.29 ms
2026-01-05 01:45:49,778 - INFO - step 3387 | dt: 2718.96 ms
2026-01-05 01:45:53,268 - INFO - step 3388 | dt: 3486.84 ms
2026-01-05 01:45:55,706 - INFO - step 3389 | dt: 2436.24 ms
2026-01-05 01:45:58,215 - INFO - step 3390 | dt: 2505.44 ms
2026-01-05 01:46:00,596 - INFO - step 3391 | dt: 2379.39 ms
2026-01-05 01:46:02,966 - INFO - step 3392 | dt: 2367.38 ms
2026-01-05 01:46:05,455 - INFO - step 3393 | dt: 2485.81 ms
2026-01-05 01:46:08,822 - INFO - step 3394 | dt: 3363.84 ms
2026-01-05 01:46:11,300 - INFO - step 3395 | dt: 2474.46 ms
2026-01-05 01:46:13,742 - INFO - step 3396 | dt: 2440.23 ms
2026-01-05 01:46:16,158 - INFO - step 3397 | dt: 2415.16 ms
2026-01-05 01:46:18,910 - INFO - step 3398 | dt: 2749.38 ms
2026-01-05 01:46:22,156 - INFO - step 3399 | dt: 3242.31 ms
2026-01-05 01:46:25,345 - INFO - step 3400 | dt: 3185.05 ms
2026-01-05 01:46:28,782 - INFO - step 3401 | dt: 3435.39 ms
2026-01-05 01:46:31,240 - INFO - step 3402 | dt: 2454.76 ms
2026-01-05 01:46:33,617 - INFO - step 3403 | dt: 2375.62 ms
2026-01-05 01:46:36,707 - INFO - step 3404 | dt: 3088.82 ms
2026-01-05 01:46:39,374 - INFO - step 3405 | dt: 2663.44 ms
2026-01-05 01:46:41,945 - INFO - step 3406 | dt: 2570.38 ms
2026-01-05 01:46:44,322 - INFO - step 3407 | dt: 2374.89 ms
2026-01-05 01:46:46,780 - INFO - step 3408 | dt: 2455.80 ms
2026-01-05 01:46:49,152 - INFO - step 3409 | dt: 2368.40 ms
2026-01-05 01:46:51,521 - INFO - step 3410 | dt: 2368.41 ms
2026-01-05 01:46:53,871 - INFO - step 3411 | dt: 2347.59 ms
2026-01-05 01:46:56,343 - INFO - step 3412 | dt: 2470.70 ms
2026-01-05 01:46:58,696 - INFO - step 3413 | dt: 2351.74 ms
2026-01-05 01:47:01,125 - INFO - step 3414 | dt: 2424.11 ms
2026-01-05 01:47:03,500 - INFO - step 3415 | dt: 2373.02 ms
2026-01-05 01:47:05,894 - INFO - step 3416 | dt: 2392.23 ms
2026-01-05 01:47:08,304 - INFO - step 3417 | dt: 2408.08 ms
2026-01-05 01:47:10,643 - INFO - step 3418 | dt: 2337.20 ms
2026-01-05 01:47:13,331 - INFO - step 3419 | dt: 2686.21 ms
2026-01-05 01:47:15,767 - INFO - step 3420 | dt: 2434.06 ms
2026-01-05 01:47:18,426 - INFO - step 3421 | dt: 2656.95 ms
2026-01-05 01:47:20,786 - INFO - step 3422 | dt: 2358.13 ms
2026-01-05 01:47:23,531 - INFO - step 3423 | dt: 2741.26 ms
2026-01-05 01:47:26,846 - INFO - step 3424 | dt: 3312.94 ms
2026-01-05 01:47:29,300 - INFO - step 3425 | dt: 2452.41 ms
2026-01-05 01:47:31,698 - INFO - step 3426 | dt: 2396.09 ms
2026-01-05 01:47:34,870 - INFO - step 3427 | dt: 3170.54 ms
2026-01-05 01:47:37,983 - INFO - step 3428 | dt: 3110.69 ms
2026-01-05 01:47:41,176 - INFO - step 3429 | dt: 3191.24 ms
2026-01-05 01:47:44,474 - INFO - step 3430 | dt: 3295.45 ms
2026-01-05 01:47:47,744 - INFO - step 3431 | dt: 3267.95 ms
2026-01-05 01:47:51,019 - INFO - step 3432 | dt: 3272.91 ms
2026-01-05 01:47:54,132 - INFO - step 3433 | dt: 3110.69 ms
2026-01-05 01:47:56,959 - INFO - step 3434 | dt: 2825.38 ms
2026-01-05 01:48:00,170 - INFO - step 3435 | dt: 3209.45 ms
2026-01-05 01:48:03,073 - INFO - step 3436 | dt: 2900.13 ms
2026-01-05 01:48:05,499 - INFO - step 3437 | dt: 2425.07 ms
2026-01-05 01:48:08,045 - INFO - step 3438 | dt: 2543.53 ms
2026-01-05 01:48:10,449 - INFO - step 3439 | dt: 2401.27 ms
2026-01-05 01:48:12,858 - INFO - step 3440 | dt: 2407.86 ms
2026-01-05 01:48:15,316 - INFO - step 3441 | dt: 2456.29 ms
2026-01-05 01:48:18,329 - INFO - step 3442 | dt: 3010.48 ms
2026-01-05 01:48:21,184 - INFO - step 3443 | dt: 2853.49 ms
2026-01-05 01:48:24,275 - INFO - step 3444 | dt: 3089.06 ms
2026-01-05 01:48:27,622 - INFO - step 3445 | dt: 3345.64 ms
2026-01-05 01:48:30,931 - INFO - step 3446 | dt: 3306.72 ms
2026-01-05 01:48:33,879 - INFO - step 3447 | dt: 2945.83 ms
2026-01-05 01:48:37,175 - INFO - step 3448 | dt: 3294.56 ms
2026-01-05 01:48:40,427 - INFO - step 3449 | dt: 3247.62 ms
2026-01-05 01:48:43,486 - INFO - step 3450 | dt: 3054.86 ms
2026-01-05 01:48:46,849 - INFO - step 3451 | dt: 3361.04 ms
2026-01-05 01:48:49,833 - INFO - step 3452 | dt: 2981.67 ms
2026-01-05 01:48:53,330 - INFO - step 3453 | dt: 3494.64 ms
2026-01-05 01:48:56,503 - INFO - step 3454 | dt: 3171.34 ms
2026-01-05 01:48:59,485 - INFO - step 3455 | dt: 2980.60 ms
2026-01-05 01:49:02,097 - INFO - step 3456 | dt: 2610.26 ms
2026-01-05 01:49:04,609 - INFO - step 3457 | dt: 2509.26 ms
2026-01-05 01:49:07,125 - INFO - step 3458 | dt: 2513.10 ms
2026-01-05 01:49:10,558 - INFO - step 3459 | dt: 3430.87 ms
2026-01-05 01:49:13,709 - INFO - step 3460 | dt: 3148.98 ms
2026-01-05 01:49:16,374 - INFO - step 3461 | dt: 2662.79 ms
2026-01-05 01:49:18,759 - INFO - step 3462 | dt: 2383.03 ms
2026-01-05 01:49:21,304 - INFO - step 3463 | dt: 2544.31 ms
2026-01-05 01:49:24,562 - INFO - step 3464 | dt: 3255.78 ms
2026-01-05 01:49:27,683 - INFO - step 3465 | dt: 3119.13 ms
2026-01-05 01:49:30,902 - INFO - step 3466 | dt: 3217.28 ms
2026-01-05 01:49:33,934 - INFO - step 3467 | dt: 3023.68 ms
2026-01-05 01:49:37,207 - INFO - step 3468 | dt: 3271.74 ms
2026-01-05 01:49:40,445 - INFO - step 3469 | dt: 3235.38 ms
2026-01-05 01:49:43,540 - INFO - step 3470 | dt: 3093.44 ms
2026-01-05 01:49:46,444 - INFO - step 3471 | dt: 2901.90 ms
2026-01-05 01:49:49,375 - INFO - step 3472 | dt: 2930.33 ms
2026-01-05 01:49:52,045 - INFO - step 3473 | dt: 2667.95 ms
2026-01-05 01:49:54,589 - INFO - step 3474 | dt: 2540.72 ms
2026-01-05 01:49:57,769 - INFO - step 3475 | dt: 3179.25 ms
2026-01-05 01:50:00,138 - INFO - step 3476 | dt: 2367.16 ms
2026-01-05 01:50:03,336 - INFO - step 3477 | dt: 3195.73 ms
2026-01-05 01:50:05,820 - INFO - step 3478 | dt: 2482.03 ms
2026-01-05 01:50:08,204 - INFO - step 3479 | dt: 2382.81 ms
2026-01-05 01:50:10,744 - INFO - step 3480 | dt: 2537.22 ms
2026-01-05 01:50:13,220 - INFO - step 3481 | dt: 2474.42 ms
2026-01-05 01:50:16,535 - INFO - step 3482 | dt: 3313.76 ms
2026-01-05 01:50:19,719 - INFO - step 3483 | dt: 3182.36 ms
2026-01-05 01:50:23,050 - INFO - step 3484 | dt: 3328.91 ms
2026-01-05 01:50:26,086 - INFO - step 3485 | dt: 3033.50 ms
2026-01-05 01:50:29,254 - INFO - step 3486 | dt: 3167.12 ms
2026-01-05 01:50:32,379 - INFO - step 3487 | dt: 3122.01 ms
2026-01-05 01:50:35,106 - INFO - step 3488 | dt: 2725.92 ms
2026-01-05 01:50:37,493 - INFO - step 3489 | dt: 2385.60 ms
2026-01-05 01:50:40,874 - INFO - step 3490 | dt: 3378.78 ms
2026-01-05 01:50:43,729 - INFO - step 3491 | dt: 2852.91 ms
2026-01-05 01:50:46,205 - INFO - step 3492 | dt: 2474.11 ms
2026-01-05 01:50:48,492 - INFO - step 3493 | dt: 2284.60 ms
2026-01-05 01:50:51,481 - INFO - step 3494 | dt: 2986.15 ms
2026-01-05 01:50:53,981 - INFO - step 3495 | dt: 2498.86 ms
2026-01-05 01:50:56,502 - INFO - step 3496 | dt: 2517.68 ms
2026-01-05 01:50:58,858 - INFO - step 3497 | dt: 2355.06 ms
2026-01-05 01:51:01,297 - INFO - step 3498 | dt: 2436.10 ms
2026-01-05 01:51:03,878 - INFO - step 3499 | dt: 2565.16 ms
2026-01-05 01:51:06,266 - INFO - step 3500 | dt: 2384.41 ms
2026-01-05 01:51:08,989 - INFO - step 3501 | dt: 2721.58 ms
2026-01-05 01:51:11,489 - INFO - step 3502 | dt: 2496.40 ms
2026-01-05 01:51:14,406 - INFO - step 3503 | dt: 2915.56 ms
2026-01-05 01:51:16,905 - INFO - step 3504 | dt: 2495.97 ms
2026-01-05 01:51:19,298 - INFO - step 3505 | dt: 2391.11 ms
2026-01-05 01:51:21,797 - INFO - step 3506 | dt: 2495.09 ms
2026-01-05 01:51:24,195 - INFO - step 3507 | dt: 2395.65 ms
2026-01-05 01:51:26,564 - INFO - step 3508 | dt: 2368.07 ms
2026-01-05 01:51:29,085 - INFO - step 3509 | dt: 2517.83 ms
2026-01-05 01:51:31,469 - INFO - step 3510 | dt: 2381.58 ms
2026-01-05 01:51:35,046 - INFO - step 3511 | dt: 3575.16 ms
2026-01-05 01:51:37,750 - INFO - step 3512 | dt: 2701.73 ms
2026-01-05 01:51:40,153 - INFO - step 3513 | dt: 2401.79 ms
2026-01-05 01:51:42,545 - INFO - step 3514 | dt: 2390.44 ms
2026-01-05 01:51:44,915 - INFO - step 3515 | dt: 2366.53 ms
2026-01-05 01:51:47,337 - INFO - step 3516 | dt: 2420.33 ms
2026-01-05 01:51:49,725 - INFO - step 3517 | dt: 2385.64 ms
2026-01-05 01:51:52,120 - INFO - step 3518 | dt: 2392.50 ms
2026-01-05 01:51:54,517 - INFO - step 3519 | dt: 2395.20 ms
2026-01-05 01:51:57,017 - INFO - step 3520 | dt: 2498.10 ms
2026-01-05 01:51:59,420 - INFO - step 3521 | dt: 2400.88 ms
2026-01-05 01:52:02,090 - INFO - step 3522 | dt: 2667.89 ms
2026-01-05 01:52:04,600 - INFO - step 3523 | dt: 2508.13 ms
2026-01-05 01:52:07,042 - INFO - step 3524 | dt: 2439.27 ms
2026-01-05 01:52:09,411 - INFO - step 3525 | dt: 2367.98 ms
2026-01-05 01:52:11,839 - INFO - step 3526 | dt: 2424.42 ms
2026-01-05 01:52:15,266 - INFO - step 3527 | dt: 3424.24 ms
2026-01-05 01:52:17,695 - INFO - step 3528 | dt: 2428.14 ms
2026-01-05 01:52:20,110 - INFO - step 3529 | dt: 2411.87 ms
2026-01-05 01:52:22,505 - INFO - step 3530 | dt: 2392.90 ms
2026-01-05 01:52:24,874 - INFO - step 3531 | dt: 2367.35 ms
2026-01-05 01:52:27,228 - INFO - step 3532 | dt: 2351.74 ms
2026-01-05 01:52:29,593 - INFO - step 3533 | dt: 2363.19 ms
2026-01-05 01:52:32,001 - INFO - step 3534 | dt: 2406.75 ms
2026-01-05 01:52:34,396 - INFO - step 3535 | dt: 2393.07 ms
2026-01-05 01:52:37,441 - INFO - step 3536 | dt: 3043.37 ms
2026-01-05 01:52:40,509 - INFO - step 3537 | dt: 3065.53 ms
2026-01-05 01:52:43,608 - INFO - step 3538 | dt: 3096.99 ms
2026-01-05 01:52:46,735 - INFO - step 3539 | dt: 3125.64 ms
2026-01-05 01:52:49,749 - INFO - step 3540 | dt: 3010.63 ms
2026-01-05 01:52:52,801 - INFO - step 3541 | dt: 3049.92 ms
2026-01-05 01:52:55,679 - INFO - step 3542 | dt: 2876.41 ms
2026-01-05 01:52:58,975 - INFO - step 3543 | dt: 3294.32 ms
2026-01-05 01:53:01,467 - INFO - step 3544 | dt: 2490.79 ms
2026-01-05 01:53:04,110 - INFO - step 3545 | dt: 2641.21 ms
2026-01-05 01:53:07,126 - INFO - step 3546 | dt: 3012.31 ms
2026-01-05 01:53:09,527 - INFO - step 3547 | dt: 2398.55 ms
2026-01-05 01:53:11,871 - INFO - step 3548 | dt: 2342.64 ms
2026-01-05 01:53:14,500 - INFO - step 3549 | dt: 2620.83 ms
2026-01-05 01:53:17,076 - INFO - step 3550 | dt: 2571.75 ms
2026-01-05 01:53:20,370 - INFO - step 3551 | dt: 3291.33 ms
2026-01-05 01:53:23,358 - INFO - step 3552 | dt: 2986.27 ms
2026-01-05 01:53:26,664 - INFO - step 3553 | dt: 3302.85 ms
2026-01-05 01:53:29,443 - INFO - step 3554 | dt: 2777.34 ms
2026-01-05 01:53:31,815 - INFO - step 3555 | dt: 2369.72 ms
2026-01-05 01:53:35,149 - INFO - step 3556 | dt: 3332.15 ms
2026-01-05 01:53:38,467 - INFO - step 3557 | dt: 3315.79 ms
2026-01-05 01:53:41,437 - INFO - step 3558 | dt: 2967.48 ms
2026-01-05 01:53:43,951 - INFO - step 3559 | dt: 2510.99 ms
2026-01-05 01:53:46,462 - INFO - step 3560 | dt: 2509.99 ms
2026-01-05 01:53:48,807 - INFO - step 3561 | dt: 2343.19 ms
2026-01-05 01:53:51,190 - INFO - step 3562 | dt: 2380.19 ms
2026-01-05 01:53:53,688 - INFO - step 3563 | dt: 2496.76 ms
2026-01-05 01:53:56,136 - INFO - step 3564 | dt: 2446.24 ms
2026-01-05 01:53:58,536 - INFO - step 3565 | dt: 2396.17 ms
2026-01-05 01:54:01,010 - INFO - step 3566 | dt: 2472.79 ms
2026-01-05 01:54:03,365 - INFO - step 3567 | dt: 2353.37 ms
2026-01-05 01:54:05,792 - INFO - step 3568 | dt: 2424.08 ms
2026-01-05 01:54:08,224 - INFO - step 3569 | dt: 2430.52 ms
2026-01-05 01:54:10,793 - INFO - step 3570 | dt: 2567.28 ms
2026-01-05 01:54:13,204 - INFO - step 3571 | dt: 2408.85 ms
2026-01-05 01:54:16,541 - INFO - step 3572 | dt: 3335.38 ms
2026-01-05 01:54:19,529 - INFO - step 3573 | dt: 2986.69 ms
2026-01-05 01:54:22,433 - INFO - step 3574 | dt: 2902.46 ms
2026-01-05 01:54:25,436 - INFO - step 3575 | dt: 3000.88 ms
2026-01-05 01:54:27,921 - INFO - step 3576 | dt: 2483.52 ms
2026-01-05 01:54:30,374 - INFO - step 3577 | dt: 2449.55 ms
2026-01-05 01:54:32,809 - INFO - step 3578 | dt: 2433.67 ms
2026-01-05 01:54:35,259 - INFO - step 3579 | dt: 2447.07 ms
2026-01-05 01:54:37,669 - INFO - step 3580 | dt: 2408.47 ms
2026-01-05 01:54:40,042 - INFO - step 3581 | dt: 2371.42 ms
2026-01-05 01:54:42,433 - INFO - step 3582 | dt: 2387.16 ms
2026-01-05 01:54:44,786 - INFO - step 3583 | dt: 2351.40 ms
2026-01-05 01:54:47,151 - INFO - step 3584 | dt: 2363.74 ms
2026-01-05 01:54:49,697 - INFO - step 3585 | dt: 2543.19 ms
2026-01-05 01:54:52,216 - INFO - step 3586 | dt: 2518.07 ms
2026-01-05 01:54:55,019 - INFO - step 3587 | dt: 2799.05 ms
2026-01-05 01:54:57,467 - INFO - step 3588 | dt: 2446.41 ms
2026-01-05 01:55:00,020 - INFO - step 3589 | dt: 2549.76 ms
2026-01-05 01:55:02,752 - INFO - step 3590 | dt: 2729.40 ms
2026-01-05 01:55:05,152 - INFO - step 3591 | dt: 2397.90 ms
2026-01-05 01:55:07,573 - INFO - step 3592 | dt: 2419.60 ms
2026-01-05 01:55:10,988 - INFO - step 3593 | dt: 3413.21 ms
2026-01-05 01:55:13,368 - INFO - step 3594 | dt: 2377.93 ms
2026-01-05 01:55:15,746 - INFO - step 3595 | dt: 2375.48 ms
2026-01-05 01:55:18,201 - INFO - step 3596 | dt: 2453.53 ms
2026-01-05 01:55:20,594 - INFO - step 3597 | dt: 2391.50 ms
2026-01-05 01:55:22,979 - INFO - step 3598 | dt: 2383.53 ms
2026-01-05 01:55:25,501 - INFO - step 3599 | dt: 2518.85 ms
2026-01-05 01:55:27,877 - INFO - step 3600 | dt: 2371.34 ms
2026-01-05 01:55:30,288 - INFO - step 3601 | dt: 2408.31 ms
2026-01-05 01:55:33,297 - INFO - step 3602 | dt: 3006.92 ms
2026-01-05 01:55:35,898 - INFO - step 3603 | dt: 2597.13 ms
2026-01-05 01:55:38,944 - INFO - step 3604 | dt: 3044.09 ms
2026-01-05 01:55:42,063 - INFO - step 3605 | dt: 3117.68 ms
2026-01-05 01:55:45,200 - INFO - step 3606 | dt: 3135.57 ms
2026-01-05 01:55:48,480 - INFO - step 3607 | dt: 3278.24 ms
2026-01-05 01:55:51,783 - INFO - step 3608 | dt: 3300.12 ms
2026-01-05 01:55:54,389 - INFO - step 3609 | dt: 2604.02 ms
2026-01-05 01:55:56,718 - INFO - step 3610 | dt: 2326.24 ms
2026-01-05 01:55:59,124 - INFO - step 3611 | dt: 2402.45 ms
2026-01-05 01:56:02,287 - INFO - step 3612 | dt: 3159.09 ms
2026-01-05 01:56:04,696 - INFO - step 3613 | dt: 2407.57 ms
2026-01-05 01:56:07,323 - INFO - step 3614 | dt: 2626.08 ms
2026-01-05 01:56:10,385 - INFO - step 3615 | dt: 3060.37 ms
2026-01-05 01:56:13,339 - INFO - step 3616 | dt: 2950.70 ms
2026-01-05 01:56:16,131 - INFO - step 3617 | dt: 2791.49 ms
2026-01-05 01:56:19,096 - INFO - step 3618 | dt: 2962.38 ms
2026-01-05 01:56:21,437 - INFO - step 3619 | dt: 2339.06 ms
2026-01-05 01:56:23,889 - INFO - step 3620 | dt: 2450.64 ms
2026-01-05 01:56:27,168 - INFO - step 3621 | dt: 3277.62 ms
2026-01-05 01:56:29,484 - INFO - step 3622 | dt: 2312.82 ms
2026-01-05 01:56:32,009 - INFO - step 3623 | dt: 2522.90 ms
2026-01-05 01:56:34,512 - INFO - step 3624 | dt: 2501.72 ms
2026-01-05 01:56:37,611 - INFO - step 3625 | dt: 3097.35 ms
2026-01-05 01:56:40,917 - INFO - step 3626 | dt: 3304.02 ms
2026-01-05 01:56:43,904 - INFO - step 3627 | dt: 2984.93 ms
2026-01-05 01:56:46,375 - INFO - step 3628 | dt: 2469.94 ms
2026-01-05 01:56:48,914 - INFO - step 3629 | dt: 2536.95 ms
2026-01-05 01:56:51,503 - INFO - step 3630 | dt: 2586.13 ms
2026-01-05 01:56:54,311 - INFO - step 3631 | dt: 2807.19 ms
2026-01-05 01:56:57,547 - INFO - step 3632 | dt: 3234.13 ms
2026-01-05 01:56:59,964 - INFO - step 3633 | dt: 2415.62 ms
2026-01-05 01:57:02,891 - INFO - step 3634 | dt: 2923.75 ms
2026-01-05 01:57:05,746 - INFO - step 3635 | dt: 2854.33 ms
2026-01-05 01:57:08,448 - INFO - step 3636 | dt: 2699.31 ms
2026-01-05 01:57:11,859 - INFO - step 3637 | dt: 3409.21 ms
2026-01-05 01:57:14,960 - INFO - step 3638 | dt: 3099.24 ms
2026-01-05 01:57:18,172 - INFO - step 3639 | dt: 3209.31 ms
2026-01-05 01:57:21,188 - INFO - step 3640 | dt: 3014.35 ms
2026-01-05 01:57:23,674 - INFO - step 3641 | dt: 2485.12 ms
2026-01-05 01:57:26,340 - INFO - step 3642 | dt: 2662.12 ms
2026-01-05 01:57:29,097 - INFO - step 3643 | dt: 2754.43 ms
2026-01-05 01:57:31,731 - INFO - step 3644 | dt: 2632.81 ms
2026-01-05 01:57:34,426 - INFO - step 3645 | dt: 2693.17 ms
2026-01-05 01:57:37,318 - INFO - step 3646 | dt: 2888.86 ms
2026-01-05 01:57:39,971 - INFO - step 3647 | dt: 2650.94 ms
2026-01-05 01:57:42,852 - INFO - step 3648 | dt: 2879.64 ms
2026-01-05 01:57:46,256 - INFO - step 3649 | dt: 3393.16 ms
2026-01-05 01:57:48,993 - INFO - step 3650 | dt: 2732.40 ms
2026-01-05 01:57:51,687 - INFO - step 3651 | dt: 2692.43 ms
2026-01-05 01:57:54,294 - INFO - step 3652 | dt: 2605.41 ms
2026-01-05 01:57:57,791 - INFO - step 3653 | dt: 3495.87 ms
2026-01-05 01:58:01,126 - INFO - step 3654 | dt: 3333.44 ms
2026-01-05 01:58:03,571 - INFO - step 3655 | dt: 2443.50 ms
2026-01-05 01:58:06,747 - INFO - step 3656 | dt: 3172.98 ms
2026-01-05 01:58:09,272 - INFO - step 3657 | dt: 2523.03 ms
2026-01-05 01:58:12,223 - INFO - step 3658 | dt: 2947.89 ms
2026-01-05 01:58:14,756 - INFO - step 3659 | dt: 2530.31 ms
2026-01-05 01:58:17,176 - INFO - step 3660 | dt: 2418.33 ms
2026-01-05 01:58:19,798 - INFO - step 3661 | dt: 2620.12 ms
2026-01-05 01:58:23,293 - INFO - step 3662 | dt: 3493.67 ms
2026-01-05 01:58:26,643 - INFO - step 3663 | dt: 3345.45 ms
2026-01-05 01:58:29,700 - INFO - step 3664 | dt: 3055.04 ms
2026-01-05 01:58:33,218 - INFO - step 3665 | dt: 3515.83 ms
2026-01-05 01:58:36,294 - INFO - step 3666 | dt: 3075.07 ms
2026-01-05 01:58:38,786 - INFO - step 3667 | dt: 2489.62 ms
2026-01-05 01:58:41,852 - INFO - step 3668 | dt: 3063.43 ms
2026-01-05 01:58:44,710 - INFO - step 3669 | dt: 2854.83 ms
2026-01-05 01:58:47,362 - INFO - step 3670 | dt: 2648.69 ms
2026-01-05 01:58:50,092 - INFO - step 3671 | dt: 2728.20 ms
2026-01-05 01:58:53,359 - INFO - step 3672 | dt: 3263.37 ms
2026-01-05 01:58:56,354 - INFO - step 3673 | dt: 2992.98 ms
2026-01-05 01:58:59,714 - INFO - step 3674 | dt: 3357.77 ms
2026-01-05 01:59:02,602 - INFO - step 3675 | dt: 2885.13 ms
2026-01-05 01:59:05,700 - INFO - step 3676 | dt: 3096.26 ms
2026-01-05 01:59:08,407 - INFO - step 3677 | dt: 2705.42 ms
2026-01-05 01:59:11,763 - INFO - step 3678 | dt: 3352.93 ms
2026-01-05 01:59:14,895 - INFO - step 3679 | dt: 3129.60 ms
2026-01-05 01:59:17,457 - INFO - step 3680 | dt: 2558.98 ms
2026-01-05 01:59:20,315 - INFO - step 3681 | dt: 2856.55 ms
2026-01-05 01:59:23,708 - INFO - step 3682 | dt: 3390.11 ms
2026-01-05 01:59:26,220 - INFO - step 3683 | dt: 2509.65 ms
2026-01-05 01:59:28,860 - INFO - step 3684 | dt: 2637.35 ms
2026-01-05 01:59:31,291 - INFO - step 3685 | dt: 2428.01 ms
2026-01-05 01:59:33,758 - INFO - step 3686 | dt: 2465.14 ms
2026-01-05 01:59:36,234 - INFO - step 3687 | dt: 2472.89 ms
2026-01-05 01:59:38,680 - INFO - step 3688 | dt: 2443.14 ms
2026-01-05 01:59:41,842 - INFO - step 3689 | dt: 3160.24 ms
2026-01-05 01:59:45,158 - INFO - step 3690 | dt: 3313.69 ms
2026-01-05 01:59:48,211 - INFO - step 3691 | dt: 3049.82 ms
2026-01-05 01:59:51,360 - INFO - step 3692 | dt: 3147.07 ms
2026-01-05 01:59:54,445 - INFO - step 3693 | dt: 3082.97 ms
2026-01-05 01:59:56,975 - INFO - step 3694 | dt: 2528.23 ms
2026-01-05 01:59:59,473 - INFO - step 3695 | dt: 2496.54 ms
2026-01-05 02:00:03,220 - INFO - step 3696 | dt: 3745.59 ms
2026-01-05 02:00:06,042 - INFO - step 3697 | dt: 2819.61 ms
2026-01-05 02:00:08,458 - INFO - step 3698 | dt: 2414.85 ms
2026-01-05 02:00:11,144 - INFO - step 3699 | dt: 2672.18 ms
2026-01-05 02:00:13,571 - INFO - step 3700 | dt: 2423.16 ms
2026-01-05 02:00:16,366 - INFO - step 3701 | dt: 2793.98 ms
2026-01-05 02:00:18,801 - INFO - step 3702 | dt: 2432.35 ms
2026-01-05 02:00:21,178 - INFO - step 3703 | dt: 2374.66 ms
2026-01-05 02:00:23,667 - INFO - step 3704 | dt: 2487.43 ms
2026-01-05 02:00:26,107 - INFO - step 3705 | dt: 2436.15 ms
2026-01-05 02:00:29,247 - INFO - step 3706 | dt: 3136.68 ms
2026-01-05 02:00:31,820 - INFO - step 3707 | dt: 2571.12 ms
2026-01-05 02:00:34,283 - INFO - step 3708 | dt: 2460.62 ms
2026-01-05 02:00:37,529 - INFO - step 3709 | dt: 3244.65 ms
2026-01-05 02:00:40,010 - INFO - step 3710 | dt: 2477.68 ms
2026-01-05 02:00:42,423 - INFO - step 3711 | dt: 2411.98 ms
2026-01-05 02:00:44,872 - INFO - step 3712 | dt: 2445.27 ms
2026-01-05 02:00:48,425 - INFO - step 3713 | dt: 3551.27 ms
2026-01-05 02:00:50,826 - INFO - step 3714 | dt: 2399.77 ms
2026-01-05 02:00:53,215 - INFO - step 3715 | dt: 2385.90 ms
2026-01-05 02:00:55,686 - INFO - step 3716 | dt: 2469.58 ms
2026-01-05 02:00:58,112 - INFO - step 3717 | dt: 2424.54 ms
2026-01-05 02:01:00,509 - INFO - step 3718 | dt: 2393.17 ms
2026-01-05 02:01:02,919 - INFO - step 3719 | dt: 2408.42 ms
2026-01-05 02:01:05,289 - INFO - step 3720 | dt: 2365.64 ms
2026-01-05 02:01:07,740 - INFO - step 3721 | dt: 2448.58 ms
2026-01-05 02:01:10,408 - INFO - step 3722 | dt: 2665.47 ms
2026-01-05 02:01:12,870 - INFO - step 3723 | dt: 2460.40 ms
2026-01-05 02:01:15,316 - INFO - step 3724 | dt: 2443.95 ms
2026-01-05 02:01:17,779 - INFO - step 3725 | dt: 2460.63 ms
2026-01-05 02:01:20,205 - INFO - step 3726 | dt: 2421.43 ms
2026-01-05 02:01:22,653 - INFO - step 3727 | dt: 2444.10 ms
2026-01-05 02:01:25,046 - INFO - step 3728 | dt: 2391.54 ms
2026-01-05 02:01:27,476 - INFO - step 3729 | dt: 2427.84 ms
2026-01-05 02:01:29,871 - INFO - step 3730 | dt: 2391.66 ms
2026-01-05 02:01:32,302 - INFO - step 3731 | dt: 2428.68 ms
2026-01-05 02:01:34,695 - INFO - step 3732 | dt: 2389.90 ms
2026-01-05 02:01:37,155 - INFO - step 3733 | dt: 2457.28 ms
2026-01-05 02:01:39,612 - INFO - step 3734 | dt: 2455.94 ms
2026-01-05 02:01:42,040 - INFO - step 3735 | dt: 2425.57 ms
2026-01-05 02:01:44,467 - INFO - step 3736 | dt: 2423.71 ms
2026-01-05 02:01:46,880 - INFO - step 3737 | dt: 2412.21 ms
2026-01-05 02:01:49,407 - INFO - step 3738 | dt: 2525.04 ms
2026-01-05 02:01:51,904 - INFO - step 3739 | dt: 2494.20 ms
2026-01-05 02:01:54,627 - INFO - step 3740 | dt: 2720.00 ms
2026-01-05 02:01:57,371 - INFO - step 3741 | dt: 2742.20 ms
2026-01-05 02:01:59,871 - INFO - step 3742 | dt: 2496.67 ms
2026-01-05 02:02:02,354 - INFO - step 3743 | dt: 2481.85 ms
2026-01-05 02:02:05,512 - INFO - step 3744 | dt: 3155.88 ms
2026-01-05 02:02:08,761 - INFO - step 3745 | dt: 3246.59 ms
2026-01-05 02:02:11,172 - INFO - step 3746 | dt: 2409.73 ms
2026-01-05 02:02:13,666 - INFO - step 3747 | dt: 2491.95 ms
2026-01-05 02:02:16,097 - INFO - step 3748 | dt: 2429.08 ms
2026-01-05 02:02:18,640 - INFO - step 3749 | dt: 2540.41 ms
2026-01-05 02:02:21,835 - INFO - step 3750 | dt: 3191.74 ms
2026-01-05 02:02:25,094 - INFO - step 3751 | dt: 3257.56 ms
2026-01-05 02:02:28,098 - INFO - step 3752 | dt: 3000.80 ms
2026-01-05 02:02:30,602 - INFO - step 3753 | dt: 2502.66 ms
2026-01-05 02:02:33,943 - INFO - step 3754 | dt: 3339.96 ms
2026-01-05 02:02:36,764 - INFO - step 3755 | dt: 2818.06 ms
2026-01-05 02:02:39,956 - INFO - step 3756 | dt: 3190.27 ms
2026-01-05 02:02:42,917 - INFO - step 3757 | dt: 2959.07 ms
2026-01-05 02:02:45,948 - INFO - step 3758 | dt: 3029.32 ms
2026-01-05 02:02:48,505 - INFO - step 3759 | dt: 2555.81 ms
2026-01-05 02:02:50,991 - INFO - step 3760 | dt: 2482.51 ms
2026-01-05 02:02:54,347 - INFO - step 3761 | dt: 3355.55 ms
2026-01-05 02:02:57,079 - INFO - step 3762 | dt: 2729.62 ms
2026-01-05 02:03:00,469 - INFO - step 3763 | dt: 3388.63 ms
2026-01-05 02:03:03,724 - INFO - step 3764 | dt: 3251.88 ms
2026-01-05 02:03:06,589 - INFO - step 3765 | dt: 2862.88 ms
2026-01-05 02:03:09,812 - INFO - step 3766 | dt: 3221.22 ms
2026-01-05 02:03:12,560 - INFO - step 3767 | dt: 2745.67 ms
2026-01-05 02:03:15,559 - INFO - step 3768 | dt: 2996.86 ms
2026-01-05 02:03:18,451 - INFO - step 3769 | dt: 2890.45 ms
2026-01-05 02:03:20,940 - INFO - step 3770 | dt: 2487.26 ms
2026-01-05 02:03:23,464 - INFO - step 3771 | dt: 2522.07 ms
2026-01-05 02:03:26,004 - INFO - step 3772 | dt: 2538.99 ms
2026-01-05 02:03:28,981 - INFO - step 3773 | dt: 2974.15 ms
2026-01-05 02:03:31,885 - INFO - step 3774 | dt: 2901.07 ms
2026-01-05 02:03:35,215 - INFO - step 3775 | dt: 3328.16 ms
2026-01-05 02:03:37,814 - INFO - step 3776 | dt: 2596.93 ms
2026-01-05 02:03:41,283 - INFO - step 3777 | dt: 3467.99 ms
2026-01-05 02:03:44,078 - INFO - step 3778 | dt: 2791.63 ms
2026-01-05 02:03:46,540 - INFO - step 3779 | dt: 2460.27 ms
2026-01-05 02:03:48,930 - INFO - step 3780 | dt: 2389.05 ms
2026-01-05 02:03:51,350 - INFO - step 3781 | dt: 2416.89 ms
2026-01-05 02:03:53,913 - INFO - step 3782 | dt: 2560.71 ms
2026-01-05 02:03:57,024 - INFO - step 3783 | dt: 3110.13 ms
2026-01-05 02:03:59,551 - INFO - step 3784 | dt: 2524.10 ms
2026-01-05 02:04:01,992 - INFO - step 3785 | dt: 2439.88 ms
2026-01-05 02:04:05,221 - INFO - step 3786 | dt: 3227.02 ms
2026-01-05 02:04:07,745 - INFO - step 3787 | dt: 2520.44 ms
2026-01-05 02:04:10,228 - INFO - step 3788 | dt: 2481.96 ms
2026-01-05 02:04:12,673 - INFO - step 3789 | dt: 2443.22 ms
2026-01-05 02:04:15,854 - INFO - step 3790 | dt: 3178.29 ms
2026-01-05 02:04:18,278 - INFO - step 3791 | dt: 2421.84 ms
2026-01-05 02:04:21,485 - INFO - step 3792 | dt: 3203.77 ms
2026-01-05 02:04:24,864 - INFO - step 3793 | dt: 3377.87 ms
2026-01-05 02:04:28,281 - INFO - step 3794 | dt: 3414.46 ms
2026-01-05 02:04:31,463 - INFO - step 3795 | dt: 3180.04 ms
2026-01-05 02:04:34,674 - INFO - step 3796 | dt: 3208.39 ms
2026-01-05 02:04:37,733 - INFO - step 3797 | dt: 3057.07 ms
2026-01-05 02:04:40,833 - INFO - step 3798 | dt: 3098.37 ms
2026-01-05 02:04:44,395 - INFO - step 3799 | dt: 3558.81 ms
2026-01-05 02:04:47,676 - INFO - step 3800 | dt: 3276.99 ms
2026-01-05 02:04:50,590 - INFO - step 3801 | dt: 2912.71 ms
2026-01-05 02:04:53,481 - INFO - step 3802 | dt: 2888.05 ms
2026-01-05 02:04:56,108 - INFO - step 3803 | dt: 2626.03 ms
2026-01-05 02:04:58,631 - INFO - step 3804 | dt: 2521.61 ms
2026-01-05 02:05:02,078 - INFO - step 3805 | dt: 3443.51 ms
2026-01-05 02:05:05,567 - INFO - step 3806 | dt: 3488.47 ms
2026-01-05 02:05:09,125 - INFO - step 3807 | dt: 3553.96 ms
2026-01-05 02:05:12,283 - INFO - step 3808 | dt: 3153.42 ms
2026-01-05 02:05:15,733 - INFO - step 3809 | dt: 3448.87 ms
2026-01-05 02:05:18,949 - INFO - step 3810 | dt: 3212.76 ms
2026-01-05 02:05:22,353 - INFO - step 3811 | dt: 3403.01 ms
2026-01-05 02:05:25,790 - INFO - step 3812 | dt: 3434.18 ms
2026-01-05 02:05:29,016 - INFO - step 3813 | dt: 3221.20 ms
2026-01-05 02:05:32,382 - INFO - step 3814 | dt: 3364.24 ms
2026-01-05 02:05:35,855 - INFO - step 3815 | dt: 3469.66 ms
2026-01-05 02:05:39,093 - INFO - step 3816 | dt: 3235.21 ms
2026-01-05 02:05:42,252 - INFO - step 3817 | dt: 3156.67 ms
2026-01-05 02:05:45,610 - INFO - step 3818 | dt: 3355.37 ms
2026-01-05 02:05:49,661 - INFO - step 3819 | dt: 4048.17 ms
2026-01-05 02:05:53,033 - INFO - step 3820 | dt: 3369.21 ms
2026-01-05 02:05:56,676 - INFO - step 3821 | dt: 3640.67 ms
2026-01-05 02:05:59,795 - INFO - step 3822 | dt: 3114.50 ms
2026-01-05 02:06:02,891 - INFO - step 3823 | dt: 3093.40 ms
2026-01-05 02:06:06,190 - INFO - step 3824 | dt: 3297.08 ms
2026-01-05 02:06:09,220 - INFO - step 3825 | dt: 3028.82 ms
2026-01-05 02:06:12,195 - INFO - step 3826 | dt: 2972.60 ms
2026-01-05 02:06:15,274 - INFO - step 3827 | dt: 3076.11 ms
2026-01-05 02:06:18,538 - INFO - step 3828 | dt: 3262.81 ms
2026-01-05 02:06:22,110 - INFO - step 3829 | dt: 3568.83 ms
2026-01-05 02:06:25,469 - INFO - step 3830 | dt: 3356.85 ms
2026-01-05 02:06:28,892 - INFO - step 3831 | dt: 3420.59 ms
2026-01-05 02:06:32,219 - INFO - step 3832 | dt: 3323.11 ms
2026-01-05 02:06:35,617 - INFO - step 3833 | dt: 3394.71 ms
2026-01-05 02:06:38,818 - INFO - step 3834 | dt: 3199.34 ms
2026-01-05 02:06:42,145 - INFO - step 3835 | dt: 3325.31 ms
2026-01-05 02:06:45,288 - INFO - step 3836 | dt: 3140.13 ms
2026-01-05 02:06:48,601 - INFO - step 3837 | dt: 3310.22 ms
2026-01-05 02:06:51,811 - INFO - step 3838 | dt: 3206.10 ms
2026-01-05 02:06:55,037 - INFO - step 3839 | dt: 3223.61 ms
2026-01-05 02:06:57,652 - INFO - step 3840 | dt: 2613.05 ms
2026-01-05 02:07:00,082 - INFO - step 3841 | dt: 2427.68 ms
2026-01-05 02:07:02,584 - INFO - step 3842 | dt: 2498.78 ms
2026-01-05 02:07:05,864 - INFO - step 3843 | dt: 3277.66 ms
2026-01-05 02:07:08,365 - INFO - step 3844 | dt: 2497.36 ms
2026-01-05 02:07:10,753 - INFO - step 3845 | dt: 2386.86 ms
2026-01-05 02:07:13,916 - INFO - step 3846 | dt: 3158.70 ms
2026-01-05 02:07:16,685 - INFO - step 3847 | dt: 2767.68 ms
2026-01-05 02:07:19,292 - INFO - step 3848 | dt: 2605.34 ms
2026-01-05 02:07:22,601 - INFO - step 3849 | dt: 3296.33 ms
2026-01-05 02:07:25,130 - INFO - step 3850 | dt: 2525.55 ms
2026-01-05 02:07:27,553 - INFO - step 3851 | dt: 2419.08 ms
2026-01-05 02:07:30,719 - INFO - step 3852 | dt: 3164.40 ms
2026-01-05 02:07:33,893 - INFO - step 3853 | dt: 3171.90 ms
2026-01-05 02:07:37,012 - INFO - step 3854 | dt: 3116.00 ms
2026-01-05 02:07:39,439 - INFO - step 3855 | dt: 2425.36 ms
2026-01-05 02:07:42,697 - INFO - step 3856 | dt: 3254.92 ms
2026-01-05 02:07:45,972 - INFO - step 3857 | dt: 3273.02 ms
2026-01-05 02:07:48,789 - INFO - step 3858 | dt: 2815.79 ms
2026-01-05 02:07:51,200 - INFO - step 3859 | dt: 2408.30 ms
2026-01-05 02:07:53,709 - INFO - step 3860 | dt: 2507.07 ms
2026-01-05 02:07:56,926 - INFO - step 3861 | dt: 3215.60 ms
2026-01-05 02:07:59,365 - INFO - step 3862 | dt: 2437.32 ms
2026-01-05 02:08:02,500 - INFO - step 3863 | dt: 3133.22 ms
2026-01-05 02:08:05,273 - INFO - step 3864 | dt: 2770.22 ms
2026-01-05 02:08:08,629 - INFO - step 3865 | dt: 3353.03 ms
2026-01-05 02:08:11,710 - INFO - step 3866 | dt: 3079.61 ms
2026-01-05 02:08:14,429 - INFO - step 3867 | dt: 2716.95 ms
2026-01-05 02:08:16,901 - INFO - step 3868 | dt: 2470.10 ms
2026-01-05 02:08:19,355 - INFO - step 3869 | dt: 2452.62 ms
2026-01-05 02:08:21,790 - INFO - step 3870 | dt: 2433.41 ms
2026-01-05 02:08:24,279 - INFO - step 3871 | dt: 2487.35 ms
2026-01-05 02:08:26,680 - INFO - step 3872 | dt: 2398.72 ms
2026-01-05 02:08:29,111 - INFO - step 3873 | dt: 2428.16 ms
2026-01-05 02:08:31,519 - INFO - step 3874 | dt: 2406.01 ms
2026-01-05 02:08:33,937 - INFO - step 3875 | dt: 2416.36 ms
2026-01-05 02:08:36,527 - INFO - step 3876 | dt: 2586.04 ms
2026-01-05 02:08:39,118 - INFO - step 3877 | dt: 2589.76 ms
2026-01-05 02:08:41,675 - INFO - step 3878 | dt: 2554.81 ms
2026-01-05 02:08:44,861 - INFO - step 3879 | dt: 3182.95 ms
2026-01-05 02:08:47,386 - INFO - step 3880 | dt: 2523.26 ms
2026-01-05 02:08:49,837 - INFO - step 3881 | dt: 2450.07 ms
2026-01-05 02:08:52,330 - INFO - step 3882 | dt: 2490.58 ms
2026-01-05 02:08:54,832 - INFO - step 3883 | dt: 2500.32 ms
2026-01-05 02:08:57,874 - INFO - step 3884 | dt: 3040.38 ms
2026-01-05 02:09:00,729 - INFO - step 3885 | dt: 2851.60 ms
2026-01-05 02:09:03,879 - INFO - step 3886 | dt: 3148.50 ms
2026-01-05 02:09:06,950 - INFO - step 3887 | dt: 3069.26 ms
2026-01-05 02:09:09,341 - INFO - step 3888 | dt: 2389.51 ms
2026-01-05 02:09:11,750 - INFO - step 3889 | dt: 2407.28 ms
2026-01-05 02:09:14,522 - INFO - step 3890 | dt: 2770.15 ms
2026-01-05 02:09:17,667 - INFO - step 3891 | dt: 3142.83 ms
2026-01-05 02:09:20,236 - INFO - step 3892 | dt: 2566.10 ms
2026-01-05 02:09:22,689 - INFO - step 3893 | dt: 2451.82 ms
2026-01-05 02:09:25,078 - INFO - step 3894 | dt: 2388.02 ms
2026-01-05 02:09:27,495 - INFO - step 3895 | dt: 2413.76 ms
2026-01-05 02:09:29,919 - INFO - step 3896 | dt: 2422.77 ms
2026-01-05 02:09:32,370 - INFO - step 3897 | dt: 2448.87 ms
2026-01-05 02:09:34,780 - INFO - step 3898 | dt: 2407.95 ms
2026-01-05 02:09:38,091 - INFO - step 3899 | dt: 3306.63 ms
2026-01-05 02:09:40,601 - INFO - step 3900 | dt: 2507.94 ms
2026-01-05 02:09:43,890 - INFO - step 3901 | dt: 3286.55 ms
2026-01-05 02:09:46,381 - INFO - step 3902 | dt: 2489.41 ms
2026-01-05 02:09:49,582 - INFO - step 3903 | dt: 3198.21 ms
2026-01-05 02:09:52,119 - INFO - step 3904 | dt: 2535.31 ms
2026-01-05 02:09:54,538 - INFO - step 3905 | dt: 2416.86 ms
2026-01-05 02:09:56,945 - INFO - step 3906 | dt: 2405.26 ms
2026-01-05 02:09:59,353 - INFO - step 3907 | dt: 2407.06 ms
2026-01-05 02:10:01,777 - INFO - step 3908 | dt: 2421.54 ms
2026-01-05 02:10:04,190 - INFO - step 3909 | dt: 2411.23 ms
2026-01-05 02:10:06,585 - INFO - step 3910 | dt: 2392.95 ms
2026-01-05 02:10:09,007 - INFO - step 3911 | dt: 2420.25 ms
2026-01-05 02:10:11,404 - INFO - step 3912 | dt: 2395.79 ms
2026-01-05 02:10:14,767 - INFO - step 3913 | dt: 3360.35 ms
2026-01-05 02:10:17,368 - INFO - step 3914 | dt: 2599.16 ms
2026-01-05 02:10:19,778 - INFO - step 3915 | dt: 2407.63 ms
2026-01-05 02:10:22,628 - INFO - step 3916 | dt: 2847.84 ms
2026-01-05 02:10:25,240 - INFO - step 3917 | dt: 2610.54 ms
2026-01-05 02:10:27,685 - INFO - step 3918 | dt: 2443.37 ms
2026-01-05 02:10:30,234 - INFO - step 3919 | dt: 2545.05 ms
2026-01-05 02:10:32,680 - INFO - step 3920 | dt: 2442.74 ms
2026-01-05 02:10:35,057 - INFO - step 3921 | dt: 2376.17 ms
2026-01-05 02:10:37,510 - INFO - step 3922 | dt: 2451.19 ms
2026-01-05 02:10:40,131 - INFO - step 3923 | dt: 2618.07 ms
2026-01-05 02:10:42,631 - INFO - step 3924 | dt: 2498.38 ms
2026-01-05 02:10:45,148 - INFO - step 3925 | dt: 2515.91 ms
2026-01-05 02:10:47,585 - INFO - step 3926 | dt: 2434.52 ms
2026-01-05 02:10:50,050 - INFO - step 3927 | dt: 2463.12 ms
2026-01-05 02:10:52,688 - INFO - step 3928 | dt: 2636.40 ms
2026-01-05 02:10:55,092 - INFO - step 3929 | dt: 2401.85 ms
2026-01-05 02:10:57,500 - INFO - step 3930 | dt: 2405.05 ms
2026-01-05 02:10:59,918 - INFO - step 3931 | dt: 2416.60 ms
2026-01-05 02:11:02,350 - INFO - step 3932 | dt: 2429.16 ms
2026-01-05 02:11:04,841 - INFO - step 3933 | dt: 2489.30 ms
2026-01-05 02:11:07,734 - INFO - step 3934 | dt: 2891.08 ms
2026-01-05 02:11:10,552 - INFO - step 3935 | dt: 2815.98 ms
2026-01-05 02:11:12,982 - INFO - step 3936 | dt: 2428.76 ms
2026-01-05 02:11:15,409 - INFO - step 3937 | dt: 2425.15 ms
2026-01-05 02:11:17,812 - INFO - step 3938 | dt: 2400.69 ms
2026-01-05 02:11:20,225 - INFO - step 3939 | dt: 2409.99 ms
2026-01-05 02:11:22,761 - INFO - step 3940 | dt: 2534.38 ms
2026-01-05 02:11:25,202 - INFO - step 3941 | dt: 2438.24 ms
2026-01-05 02:11:27,648 - INFO - step 3942 | dt: 2443.78 ms
2026-01-05 02:11:30,060 - INFO - step 3943 | dt: 2410.87 ms
2026-01-05 02:11:32,471 - INFO - step 3944 | dt: 2409.48 ms
2026-01-05 02:11:34,919 - INFO - step 3945 | dt: 2445.26 ms
2026-01-05 02:11:37,315 - INFO - step 3946 | dt: 2394.73 ms
2026-01-05 02:11:39,829 - INFO - step 3947 | dt: 2511.25 ms
2026-01-05 02:11:42,238 - INFO - step 3948 | dt: 2407.84 ms
2026-01-05 02:11:45,293 - INFO - step 3949 | dt: 3049.58 ms
2026-01-05 02:11:47,779 - INFO - step 3950 | dt: 2483.95 ms
2026-01-05 02:11:50,302 - INFO - step 3951 | dt: 2521.19 ms
2026-01-05 02:11:52,688 - INFO - step 3952 | dt: 2383.75 ms
2026-01-05 02:11:55,249 - INFO - step 3953 | dt: 2558.89 ms
2026-01-05 02:11:58,274 - INFO - step 3954 | dt: 3023.16 ms
2026-01-05 02:12:00,653 - INFO - step 3955 | dt: 2376.07 ms
2026-01-05 02:12:03,955 - INFO - step 3956 | dt: 3299.36 ms
2026-01-05 02:12:06,323 - INFO - step 3957 | dt: 2366.75 ms
2026-01-05 02:12:09,530 - INFO - step 3958 | dt: 3204.14 ms
2026-01-05 02:12:11,951 - INFO - step 3959 | dt: 2419.79 ms
2026-01-05 02:12:14,458 - INFO - step 3960 | dt: 2504.50 ms
2026-01-05 02:12:17,623 - INFO - step 3961 | dt: 3164.29 ms
2026-01-05 02:12:20,711 - INFO - step 3962 | dt: 3086.47 ms
2026-01-05 02:12:23,363 - INFO - step 3963 | dt: 2650.61 ms
2026-01-05 02:12:25,862 - INFO - step 3964 | dt: 2496.57 ms
2026-01-05 02:12:28,312 - INFO - step 3965 | dt: 2447.42 ms
2026-01-05 02:12:30,718 - INFO - step 3966 | dt: 2403.57 ms
2026-01-05 02:12:33,171 - INFO - step 3967 | dt: 2450.39 ms
2026-01-05 02:12:35,648 - INFO - step 3968 | dt: 2475.10 ms
2026-01-05 02:12:38,062 - INFO - step 3969 | dt: 2413.16 ms
2026-01-05 02:12:40,495 - INFO - step 3970 | dt: 2430.50 ms
2026-01-05 02:12:43,091 - INFO - step 3971 | dt: 2593.18 ms
2026-01-05 02:12:45,624 - INFO - step 3972 | dt: 2531.16 ms
2026-01-05 02:12:48,057 - INFO - step 3973 | dt: 2432.11 ms
2026-01-05 02:12:51,218 - INFO - step 3974 | dt: 3158.94 ms
2026-01-05 02:12:54,407 - INFO - step 3975 | dt: 3187.48 ms
2026-01-05 02:12:57,099 - INFO - step 3976 | dt: 2689.49 ms
2026-01-05 02:13:00,371 - INFO - step 3977 | dt: 3271.05 ms
2026-01-05 02:13:03,033 - INFO - step 3978 | dt: 2659.66 ms
2026-01-05 02:13:05,448 - INFO - step 3979 | dt: 2413.75 ms
2026-01-05 02:13:07,873 - INFO - step 3980 | dt: 2422.30 ms
2026-01-05 02:13:10,391 - INFO - step 3981 | dt: 2516.23 ms
2026-01-05 02:13:12,800 - INFO - step 3982 | dt: 2406.62 ms
2026-01-05 02:13:15,972 - INFO - step 3983 | dt: 3170.03 ms
2026-01-05 02:13:18,916 - INFO - step 3984 | dt: 2942.08 ms
2026-01-05 02:13:21,415 - INFO - step 3985 | dt: 2496.74 ms
2026-01-05 02:13:23,941 - INFO - step 3986 | dt: 2524.94 ms
2026-01-05 02:13:26,329 - INFO - step 3987 | dt: 2384.85 ms
2026-01-05 02:13:28,739 - INFO - step 3988 | dt: 2406.98 ms
2026-01-05 02:13:31,304 - INFO - step 3989 | dt: 2563.56 ms
2026-01-05 02:13:33,798 - INFO - step 3990 | dt: 2491.16 ms
2026-01-05 02:13:37,036 - INFO - step 3991 | dt: 3236.41 ms
2026-01-05 02:13:40,280 - INFO - step 3992 | dt: 3242.41 ms
2026-01-05 02:13:43,444 - INFO - step 3993 | dt: 3162.98 ms
2026-01-05 02:13:46,368 - INFO - step 3994 | dt: 2922.35 ms
2026-01-05 02:13:49,338 - INFO - step 3995 | dt: 2967.45 ms
2026-01-05 02:13:51,784 - INFO - step 3996 | dt: 2444.51 ms
2026-01-05 02:13:54,265 - INFO - step 3997 | dt: 2478.32 ms
2026-01-05 02:13:56,698 - INFO - step 3998 | dt: 2431.84 ms
2026-01-05 02:13:59,508 - INFO - step 3999 | dt: 2806.29 ms
2026-01-05 02:14:02,904 - INFO - step 4000 | dt: 3391.84 ms
2026-01-05 02:14:05,920 - INFO - step 4001 | dt: 3014.92 ms
2026-01-05 02:14:08,351 - INFO - step 4002 | dt: 2429.13 ms
2026-01-05 02:14:11,756 - INFO - step 4003 | dt: 3403.41 ms
2026-01-05 02:14:14,628 - INFO - step 4004 | dt: 2868.51 ms
2026-01-05 02:14:17,188 - INFO - step 4005 | dt: 2556.99 ms
2026-01-05 02:14:19,636 - INFO - step 4006 | dt: 2447.06 ms
2026-01-05 02:14:22,064 - INFO - step 4007 | dt: 2425.17 ms
2026-01-05 02:14:24,465 - INFO - step 4008 | dt: 2398.61 ms
2026-01-05 02:14:26,913 - INFO - step 4009 | dt: 2444.08 ms
2026-01-05 02:14:29,314 - INFO - step 4010 | dt: 2396.88 ms
2026-01-05 02:14:32,512 - INFO - step 4011 | dt: 3195.27 ms
2026-01-05 02:14:34,965 - INFO - step 4012 | dt: 2451.03 ms
2026-01-05 02:14:37,417 - INFO - step 4013 | dt: 2449.18 ms
2026-01-05 02:14:39,907 - INFO - step 4014 | dt: 2487.38 ms
2026-01-05 02:14:42,312 - INFO - step 4015 | dt: 2402.64 ms
2026-01-05 02:14:45,055 - INFO - step 4016 | dt: 2742.13 ms
2026-01-05 02:14:48,164 - INFO - step 4017 | dt: 3108.34 ms
2026-01-05 02:14:50,980 - INFO - step 4018 | dt: 2814.16 ms
2026-01-05 02:14:54,327 - INFO - step 4019 | dt: 3345.71 ms
2026-01-05 02:14:56,725 - INFO - step 4020 | dt: 2395.43 ms
2026-01-05 02:14:59,126 - INFO - step 4021 | dt: 2400.42 ms
2026-01-05 02:15:01,513 - INFO - step 4022 | dt: 2384.91 ms
2026-01-05 02:15:03,989 - INFO - step 4023 | dt: 2473.20 ms
2026-01-05 02:15:06,412 - INFO - step 4024 | dt: 2421.76 ms
2026-01-05 02:15:08,872 - INFO - step 4025 | dt: 2457.71 ms
2026-01-05 02:15:11,284 - INFO - step 4026 | dt: 2409.53 ms
2026-01-05 02:15:13,779 - INFO - step 4027 | dt: 2492.95 ms
2026-01-05 02:15:16,168 - INFO - step 4028 | dt: 2385.34 ms
2026-01-05 02:15:19,436 - INFO - step 4029 | dt: 3265.14 ms
2026-01-05 02:15:23,001 - INFO - step 4030 | dt: 3564.33 ms
2026-01-05 02:15:26,074 - INFO - step 4031 | dt: 3071.01 ms
2026-01-05 02:15:29,210 - INFO - step 4032 | dt: 3134.79 ms
2026-01-05 02:15:31,630 - INFO - step 4033 | dt: 2417.97 ms
2026-01-05 02:15:34,016 - INFO - step 4034 | dt: 2384.50 ms
2026-01-05 02:15:36,449 - INFO - step 4035 | dt: 2431.31 ms
2026-01-05 02:15:39,463 - INFO - step 4036 | dt: 3011.29 ms
2026-01-05 02:15:41,896 - INFO - step 4037 | dt: 2430.86 ms
2026-01-05 02:15:44,300 - INFO - step 4038 | dt: 2402.15 ms
2026-01-05 02:15:46,875 - INFO - step 4039 | dt: 2572.63 ms
2026-01-05 02:15:49,398 - INFO - step 4040 | dt: 2520.45 ms
2026-01-05 02:15:51,898 - INFO - step 4041 | dt: 2498.70 ms
2026-01-05 02:15:54,461 - INFO - step 4042 | dt: 2561.03 ms
2026-01-05 02:15:57,519 - INFO - step 4043 | dt: 3056.27 ms
2026-01-05 02:16:00,289 - INFO - step 4044 | dt: 2767.34 ms
2026-01-05 02:16:03,559 - INFO - step 4045 | dt: 3267.95 ms
2026-01-05 02:16:06,303 - INFO - step 4046 | dt: 2742.42 ms
2026-01-05 02:16:08,794 - INFO - step 4047 | dt: 2488.41 ms
2026-01-05 02:16:12,182 - INFO - step 4048 | dt: 3386.41 ms
2026-01-05 02:16:15,562 - INFO - step 4049 | dt: 3376.68 ms
2026-01-05 02:16:18,783 - INFO - step 4050 | dt: 3215.62 ms
2026-01-05 02:16:21,643 - INFO - step 4051 | dt: 2858.87 ms
2026-01-05 02:16:25,143 - INFO - step 4052 | dt: 3497.71 ms
2026-01-05 02:16:27,833 - INFO - step 4053 | dt: 2687.69 ms
2026-01-05 02:16:30,295 - INFO - step 4054 | dt: 2460.15 ms
2026-01-05 02:16:32,762 - INFO - step 4055 | dt: 2465.06 ms
2026-01-05 02:16:35,189 - INFO - step 4056 | dt: 2423.66 ms
2026-01-05 02:16:37,579 - INFO - step 4057 | dt: 2388.16 ms
2026-01-05 02:16:39,994 - INFO - step 4058 | dt: 2413.54 ms
2026-01-05 02:16:42,384 - INFO - step 4059 | dt: 2386.87 ms
2026-01-05 02:16:44,823 - INFO - step 4060 | dt: 2437.13 ms
2026-01-05 02:16:47,249 - INFO - step 4061 | dt: 2424.44 ms
2026-01-05 02:16:49,690 - INFO - step 4062 | dt: 2437.98 ms
2026-01-05 02:16:52,836 - INFO - step 4063 | dt: 3142.14 ms
2026-01-05 02:16:55,311 - INFO - step 4064 | dt: 2474.09 ms
2026-01-05 02:16:57,718 - INFO - step 4065 | dt: 2404.26 ms
2026-01-05 02:17:00,131 - INFO - step 4066 | dt: 2411.62 ms
2026-01-05 02:17:02,552 - INFO - step 4067 | dt: 2419.72 ms
2026-01-05 02:17:04,964 - INFO - step 4068 | dt: 2408.74 ms
2026-01-05 02:17:08,211 - INFO - step 4069 | dt: 3245.30 ms
2026-01-05 02:17:10,611 - INFO - step 4070 | dt: 2398.79 ms
2026-01-05 02:17:13,010 - INFO - step 4071 | dt: 2397.17 ms
2026-01-05 02:17:16,221 - INFO - step 4072 | dt: 3208.21 ms
2026-01-05 02:17:19,665 - INFO - step 4073 | dt: 3441.97 ms
2026-01-05 02:17:22,816 - INFO - step 4074 | dt: 3149.72 ms
2026-01-05 02:17:25,820 - INFO - step 4075 | dt: 3000.88 ms
2026-01-05 02:17:29,048 - INFO - step 4076 | dt: 3226.96 ms
2026-01-05 02:17:31,999 - INFO - step 4077 | dt: 2949.35 ms
2026-01-05 02:17:35,212 - INFO - step 4078 | dt: 3211.23 ms
2026-01-05 02:17:37,693 - INFO - step 4079 | dt: 2479.84 ms
2026-01-05 02:17:40,882 - INFO - step 4080 | dt: 3187.32 ms
2026-01-05 02:17:43,955 - INFO - step 4081 | dt: 3065.96 ms
2026-01-05 02:17:46,338 - INFO - step 4082 | dt: 2381.91 ms
2026-01-05 02:17:48,898 - INFO - step 4083 | dt: 2557.15 ms
2026-01-05 02:17:51,377 - INFO - step 4084 | dt: 2477.02 ms
2026-01-05 02:17:54,425 - INFO - step 4085 | dt: 3046.41 ms
2026-01-05 02:17:56,834 - INFO - step 4086 | dt: 2406.30 ms
2026-01-05 02:17:59,329 - INFO - step 4087 | dt: 2493.30 ms
2026-01-05 02:18:01,798 - INFO - step 4088 | dt: 2465.93 ms
2026-01-05 02:18:04,250 - INFO - step 4089 | dt: 2450.05 ms
2026-01-05 02:18:06,656 - INFO - step 4090 | dt: 2404.58 ms
2026-01-05 02:18:09,102 - INFO - step 4091 | dt: 2443.52 ms
2026-01-05 02:18:11,495 - INFO - step 4092 | dt: 2391.97 ms
2026-01-05 02:18:14,582 - INFO - step 4093 | dt: 3084.69 ms
2026-01-05 02:18:17,839 - INFO - step 4094 | dt: 3253.83 ms
2026-01-05 02:18:20,755 - INFO - step 4095 | dt: 2914.36 ms
2026-01-05 02:18:23,189 - INFO - step 4096 | dt: 2431.83 ms
2026-01-05 02:18:25,590 - INFO - step 4097 | dt: 2399.33 ms
2026-01-05 02:18:27,953 - INFO - step 4098 | dt: 2360.80 ms
2026-01-05 02:18:31,574 - INFO - step 4099 | dt: 3613.44 ms
2026-01-05 02:18:34,656 - INFO - step 4100 | dt: 3076.60 ms
2026-01-05 02:18:37,046 - INFO - step 4101 | dt: 2386.83 ms
2026-01-05 02:18:39,500 - INFO - step 4102 | dt: 2452.73 ms
2026-01-05 02:18:42,049 - INFO - step 4103 | dt: 2546.94 ms
2026-01-05 02:18:44,514 - INFO - step 4104 | dt: 2462.25 ms
2026-01-05 02:18:48,323 - INFO - step 4105 | dt: 3806.90 ms
2026-01-05 02:18:50,741 - INFO - step 4106 | dt: 2416.43 ms
2026-01-05 02:18:53,277 - INFO - step 4107 | dt: 2533.59 ms
2026-01-05 02:18:55,681 - INFO - step 4108 | dt: 2401.69 ms
2026-01-05 02:18:58,116 - INFO - step 4109 | dt: 2431.86 ms
2026-01-05 02:19:00,600 - INFO - step 4110 | dt: 2482.19 ms
2026-01-05 02:19:03,782 - INFO - step 4111 | dt: 3180.62 ms
2026-01-05 02:19:07,043 - INFO - step 4112 | dt: 3258.83 ms
2026-01-05 02:19:09,629 - INFO - step 4113 | dt: 2583.67 ms
2026-01-05 02:19:12,171 - INFO - step 4114 | dt: 2540.22 ms
2026-01-05 02:19:14,930 - INFO - step 4115 | dt: 2756.61 ms
2026-01-05 02:19:17,392 - INFO - step 4116 | dt: 2460.66 ms
2026-01-05 02:19:19,871 - INFO - step 4117 | dt: 2474.29 ms
2026-01-05 02:19:22,314 - INFO - step 4118 | dt: 2441.05 ms
2026-01-05 02:19:24,817 - INFO - step 4119 | dt: 2501.25 ms
2026-01-05 02:19:27,208 - INFO - step 4120 | dt: 2387.73 ms
2026-01-05 02:19:29,621 - INFO - step 4121 | dt: 2411.71 ms
2026-01-05 02:19:32,018 - INFO - step 4122 | dt: 2394.76 ms
2026-01-05 02:19:34,494 - INFO - step 4123 | dt: 2473.71 ms
2026-01-05 02:19:36,908 - INFO - step 4124 | dt: 2412.35 ms
2026-01-05 02:19:39,295 - INFO - step 4125 | dt: 2384.30 ms
2026-01-05 02:19:41,709 - INFO - step 4126 | dt: 2411.52 ms
2026-01-05 02:19:44,833 - INFO - step 4127 | dt: 3121.80 ms
2026-01-05 02:19:47,482 - INFO - step 4128 | dt: 2647.45 ms
2026-01-05 02:19:50,031 - INFO - step 4129 | dt: 2547.86 ms
2026-01-05 02:19:53,053 - INFO - step 4130 | dt: 3018.79 ms
2026-01-05 02:19:55,508 - INFO - step 4131 | dt: 2454.49 ms
2026-01-05 02:19:57,932 - INFO - step 4132 | dt: 2420.69 ms
2026-01-05 02:20:01,070 - INFO - step 4133 | dt: 3135.68 ms
2026-01-05 02:20:04,097 - INFO - step 4134 | dt: 3025.74 ms
2026-01-05 02:20:06,787 - INFO - step 4135 | dt: 2688.30 ms
2026-01-05 02:20:09,216 - INFO - step 4136 | dt: 2427.14 ms
2026-01-05 02:20:11,655 - INFO - step 4137 | dt: 2437.68 ms
2026-01-05 02:20:14,097 - INFO - step 4138 | dt: 2439.55 ms
2026-01-05 02:20:16,547 - INFO - step 4139 | dt: 2447.41 ms
2026-01-05 02:20:18,966 - INFO - step 4140 | dt: 2416.91 ms
2026-01-05 02:20:21,358 - INFO - step 4141 | dt: 2390.08 ms
2026-01-05 02:20:23,784 - INFO - step 4142 | dt: 2424.23 ms
2026-01-05 02:20:26,193 - INFO - step 4143 | dt: 2407.02 ms
2026-01-05 02:20:28,628 - INFO - step 4144 | dt: 2431.60 ms
2026-01-05 02:20:31,022 - INFO - step 4145 | dt: 2392.65 ms
2026-01-05 02:20:33,434 - INFO - step 4146 | dt: 2410.17 ms
2026-01-05 02:20:35,882 - INFO - step 4147 | dt: 2446.03 ms
2026-01-05 02:20:38,300 - INFO - step 4148 | dt: 2416.02 ms
2026-01-05 02:20:41,113 - INFO - step 4149 | dt: 2810.73 ms
2026-01-05 02:20:43,880 - INFO - step 4150 | dt: 2763.48 ms
2026-01-05 02:20:46,747 - INFO - step 4151 | dt: 2864.92 ms
2026-01-05 02:20:49,397 - INFO - step 4152 | dt: 2647.31 ms
2026-01-05 02:20:51,867 - INFO - step 4153 | dt: 2468.04 ms
2026-01-05 02:20:54,452 - INFO - step 4154 | dt: 2583.05 ms
2026-01-05 02:20:57,353 - INFO - step 4155 | dt: 2898.61 ms
2026-01-05 02:20:59,997 - INFO - step 4156 | dt: 2642.32 ms
2026-01-05 02:21:02,465 - INFO - step 4157 | dt: 2466.78 ms
2026-01-05 02:21:04,909 - INFO - step 4158 | dt: 2441.49 ms
2026-01-05 02:21:07,311 - INFO - step 4159 | dt: 2399.82 ms
2026-01-05 02:21:09,757 - INFO - step 4160 | dt: 2443.56 ms
2026-01-05 02:21:12,137 - INFO - step 4161 | dt: 2377.20 ms
2026-01-05 02:21:14,681 - INFO - step 4162 | dt: 2541.31 ms
2026-01-05 02:21:17,092 - INFO - step 4163 | dt: 2409.44 ms
2026-01-05 02:21:19,613 - INFO - step 4164 | dt: 2519.04 ms
2026-01-05 02:21:22,768 - INFO - step 4165 | dt: 3153.51 ms
2026-01-05 02:21:25,883 - INFO - step 4166 | dt: 3105.47 ms
2026-01-05 02:21:28,349 - INFO - step 4167 | dt: 2463.59 ms
2026-01-05 02:21:30,743 - INFO - step 4168 | dt: 2392.08 ms
2026-01-05 02:21:33,163 - INFO - step 4169 | dt: 2418.18 ms
2026-01-05 02:21:35,585 - INFO - step 4170 | dt: 2418.74 ms
2026-01-05 02:21:38,011 - INFO - step 4171 | dt: 2424.26 ms
2026-01-05 02:21:40,550 - INFO - step 4172 | dt: 2538.02 ms
2026-01-05 02:21:43,854 - INFO - step 4173 | dt: 3301.49 ms
2026-01-05 02:21:46,967 - INFO - step 4174 | dt: 3110.96 ms
2026-01-05 02:21:49,525 - INFO - step 4175 | dt: 2552.82 ms
2026-01-05 02:21:51,914 - INFO - step 4176 | dt: 2387.65 ms
2026-01-05 02:21:54,352 - INFO - step 4177 | dt: 2436.01 ms
2026-01-05 02:21:57,526 - INFO - step 4178 | dt: 3170.73 ms
2026-01-05 02:22:00,065 - INFO - step 4179 | dt: 2538.07 ms
2026-01-05 02:22:02,451 - INFO - step 4180 | dt: 2383.97 ms
2026-01-05 02:22:04,841 - INFO - step 4181 | dt: 2388.08 ms
2026-01-05 02:22:07,263 - INFO - step 4182 | dt: 2419.83 ms
2026-01-05 02:22:09,734 - INFO - step 4183 | dt: 2468.72 ms
2026-01-05 02:22:12,137 - INFO - step 4184 | dt: 2401.06 ms
2026-01-05 02:22:15,337 - INFO - step 4185 | dt: 3198.52 ms
2026-01-05 02:22:18,345 - INFO - step 4186 | dt: 3005.70 ms
2026-01-05 02:22:20,739 - INFO - step 4187 | dt: 2393.20 ms
2026-01-05 02:22:23,384 - INFO - step 4188 | dt: 2643.16 ms
2026-01-05 02:22:25,875 - INFO - step 4189 | dt: 2488.04 ms
2026-01-05 02:22:28,254 - INFO - step 4190 | dt: 2377.10 ms
2026-01-05 02:22:30,734 - INFO - step 4191 | dt: 2478.32 ms
2026-01-05 02:22:33,135 - INFO - step 4192 | dt: 2398.44 ms
2026-01-05 02:22:35,553 - INFO - step 4193 | dt: 2415.89 ms
2026-01-05 02:22:37,959 - INFO - step 4194 | dt: 2404.34 ms
2026-01-05 02:22:40,548 - INFO - step 4195 | dt: 2586.67 ms
2026-01-05 02:22:43,052 - INFO - step 4196 | dt: 2501.70 ms
2026-01-05 02:22:45,717 - INFO - step 4197 | dt: 2663.35 ms
2026-01-05 02:22:48,154 - INFO - step 4198 | dt: 2433.74 ms
2026-01-05 02:22:50,660 - INFO - step 4199 | dt: 2503.75 ms
2026-01-05 02:22:54,042 - INFO - step 4200 | dt: 3378.40 ms
2026-01-05 02:22:57,171 - INFO - step 4201 | dt: 3126.23 ms
2026-01-05 02:23:00,550 - INFO - step 4202 | dt: 3377.17 ms
2026-01-05 02:23:03,746 - INFO - step 4203 | dt: 3194.43 ms
2026-01-05 02:23:06,651 - INFO - step 4204 | dt: 2903.07 ms
2026-01-05 02:23:09,127 - INFO - step 4205 | dt: 2473.91 ms
2026-01-05 02:23:12,231 - INFO - step 4206 | dt: 3102.14 ms
2026-01-05 02:23:15,457 - INFO - step 4207 | dt: 3224.58 ms
2026-01-05 02:23:18,533 - INFO - step 4208 | dt: 3072.92 ms
2026-01-05 02:23:21,167 - INFO - step 4209 | dt: 2633.36 ms
2026-01-05 02:23:23,628 - INFO - step 4210 | dt: 2458.94 ms
2026-01-05 02:23:26,011 - INFO - step 4211 | dt: 2381.15 ms
2026-01-05 02:23:28,414 - INFO - step 4212 | dt: 2400.69 ms
2026-01-05 02:23:30,920 - INFO - step 4213 | dt: 2503.19 ms
2026-01-05 02:23:34,133 - INFO - step 4214 | dt: 3211.35 ms
2026-01-05 02:23:37,073 - INFO - step 4215 | dt: 2938.71 ms
2026-01-05 02:23:39,629 - INFO - step 4216 | dt: 2554.45 ms
2026-01-05 02:23:42,585 - INFO - step 4217 | dt: 2954.08 ms
2026-01-05 02:23:45,426 - INFO - step 4218 | dt: 2839.35 ms
2026-01-05 02:23:47,861 - INFO - step 4219 | dt: 2433.19 ms
2026-01-05 02:23:50,400 - INFO - step 4220 | dt: 2536.55 ms
2026-01-05 02:23:52,801 - INFO - step 4221 | dt: 2399.32 ms
2026-01-05 02:23:55,214 - INFO - step 4222 | dt: 2411.29 ms
2026-01-05 02:23:58,436 - INFO - step 4223 | dt: 3220.16 ms
2026-01-05 02:24:01,296 - INFO - step 4224 | dt: 2858.58 ms
2026-01-05 02:24:03,718 - INFO - step 4225 | dt: 2420.94 ms
2026-01-05 02:24:06,845 - INFO - step 4226 | dt: 3125.38 ms
2026-01-05 02:24:10,151 - INFO - step 4227 | dt: 3275.08 ms
2026-01-05 02:24:13,076 - INFO - step 4228 | dt: 2924.20 ms
2026-01-05 02:24:16,383 - INFO - step 4229 | dt: 3304.27 ms
2026-01-05 02:24:18,997 - INFO - step 4230 | dt: 2610.98 ms
2026-01-05 02:24:21,760 - INFO - step 4231 | dt: 2761.64 ms
2026-01-05 02:24:24,297 - INFO - step 4232 | dt: 2534.65 ms
2026-01-05 02:24:26,798 - INFO - step 4233 | dt: 2498.15 ms
2026-01-05 02:24:29,327 - INFO - step 4234 | dt: 2526.84 ms
2026-01-05 02:24:32,750 - INFO - step 4235 | dt: 3420.65 ms
2026-01-05 02:24:35,636 - INFO - step 4236 | dt: 2882.95 ms
2026-01-05 02:24:38,143 - INFO - step 4237 | dt: 2506.48 ms
2026-01-05 02:24:40,529 - INFO - step 4238 | dt: 2383.32 ms
2026-01-05 02:24:43,676 - INFO - step 4239 | dt: 3144.53 ms
2026-01-05 02:24:47,124 - INFO - step 4240 | dt: 3446.18 ms
2026-01-05 02:24:49,886 - INFO - step 4241 | dt: 2760.33 ms
2026-01-05 02:24:53,181 - INFO - step 4242 | dt: 3292.73 ms
2026-01-05 02:24:55,619 - INFO - step 4243 | dt: 2435.12 ms
2026-01-05 02:24:58,010 - INFO - step 4244 | dt: 2389.28 ms
2026-01-05 02:25:01,173 - INFO - step 4245 | dt: 3161.54 ms
2026-01-05 02:25:03,565 - INFO - step 4246 | dt: 2390.57 ms
2026-01-05 02:25:05,950 - INFO - step 4247 | dt: 2382.21 ms
2026-01-05 02:25:08,671 - INFO - step 4248 | dt: 2718.78 ms
2026-01-05 02:25:11,247 - INFO - step 4249 | dt: 2572.25 ms
2026-01-05 02:25:13,670 - INFO - step 4250 | dt: 2419.67 ms
2026-01-05 02:25:16,132 - INFO - step 4251 | dt: 2460.14 ms
2026-01-05 02:25:18,536 - INFO - step 4252 | dt: 2402.52 ms
2026-01-05 02:25:20,940 - INFO - step 4253 | dt: 2401.83 ms
2026-01-05 02:25:23,352 - INFO - step 4254 | dt: 2411.15 ms
2026-01-05 02:25:25,740 - INFO - step 4255 | dt: 2385.02 ms
2026-01-05 02:25:28,183 - INFO - step 4256 | dt: 2441.44 ms
2026-01-05 02:25:30,640 - INFO - step 4257 | dt: 2454.82 ms
2026-01-05 02:25:33,114 - INFO - step 4258 | dt: 2472.26 ms
2026-01-05 02:25:35,514 - INFO - step 4259 | dt: 2398.00 ms
2026-01-05 02:25:39,131 - INFO - step 4260 | dt: 3615.56 ms
2026-01-05 02:25:42,196 - INFO - step 4261 | dt: 3061.65 ms
2026-01-05 02:25:44,981 - INFO - step 4262 | dt: 2783.53 ms
2026-01-05 02:25:47,582 - INFO - step 4263 | dt: 2599.48 ms
2026-01-05 02:25:50,015 - INFO - step 4264 | dt: 2429.09 ms
2026-01-05 02:25:53,234 - INFO - step 4265 | dt: 3217.77 ms
2026-01-05 02:25:55,614 - INFO - step 4266 | dt: 2375.49 ms
2026-01-05 02:25:57,983 - INFO - step 4267 | dt: 2367.21 ms
2026-01-05 02:26:00,497 - INFO - step 4268 | dt: 2512.53 ms
2026-01-05 02:26:03,601 - INFO - step 4269 | dt: 3101.17 ms
2026-01-05 02:26:06,005 - INFO - step 4270 | dt: 2403.15 ms
2026-01-05 02:26:08,419 - INFO - step 4271 | dt: 2411.26 ms
2026-01-05 02:26:11,763 - INFO - step 4272 | dt: 3341.20 ms
2026-01-05 02:26:14,795 - INFO - step 4273 | dt: 3031.01 ms
2026-01-05 02:26:17,247 - INFO - step 4274 | dt: 2450.24 ms
2026-01-05 02:26:19,706 - INFO - step 4275 | dt: 2456.67 ms
2026-01-05 02:26:22,856 - INFO - step 4276 | dt: 3147.68 ms
2026-01-05 02:26:26,031 - INFO - step 4277 | dt: 3174.43 ms
2026-01-05 02:26:28,692 - INFO - step 4278 | dt: 2659.14 ms
2026-01-05 02:26:31,060 - INFO - step 4279 | dt: 2365.86 ms
2026-01-05 02:26:34,267 - INFO - step 4280 | dt: 3204.83 ms
2026-01-05 02:26:36,730 - INFO - step 4281 | dt: 2460.60 ms
2026-01-05 02:26:39,197 - INFO - step 4282 | dt: 2465.66 ms
2026-01-05 02:26:41,593 - INFO - step 4283 | dt: 2394.51 ms
2026-01-05 02:26:45,356 - INFO - step 4284 | dt: 3760.42 ms
2026-01-05 02:26:48,467 - INFO - step 4285 | dt: 3107.94 ms
2026-01-05 02:26:51,519 - INFO - step 4286 | dt: 3051.15 ms
2026-01-05 02:26:54,866 - INFO - step 4287 | dt: 3343.97 ms
2026-01-05 02:26:57,993 - INFO - step 4288 | dt: 3125.21 ms
2026-01-05 02:27:01,437 - INFO - step 4289 | dt: 3441.76 ms
2026-01-05 02:27:04,410 - INFO - step 4290 | dt: 2970.55 ms
2026-01-05 02:27:07,577 - INFO - step 4291 | dt: 3165.49 ms
2026-01-05 02:27:10,492 - INFO - step 4292 | dt: 2914.03 ms
2026-01-05 02:27:13,020 - INFO - step 4293 | dt: 2526.24 ms
2026-01-05 02:27:16,081 - INFO - step 4294 | dt: 3059.03 ms
2026-01-05 02:27:18,525 - INFO - step 4295 | dt: 2442.34 ms
2026-01-05 02:27:21,060 - INFO - step 4296 | dt: 2531.78 ms
2026-01-05 02:27:23,556 - INFO - step 4297 | dt: 2492.85 ms
2026-01-05 02:27:26,938 - INFO - step 4298 | dt: 3380.89 ms
2026-01-05 02:27:30,076 - INFO - step 4299 | dt: 3128.67 ms
2026-01-05 02:27:32,619 - INFO - step 4300 | dt: 2540.25 ms
2026-01-05 02:27:35,869 - INFO - step 4301 | dt: 3247.41 ms
2026-01-05 02:27:38,976 - INFO - step 4302 | dt: 3103.47 ms
2026-01-05 02:27:41,391 - INFO - step 4303 | dt: 2414.25 ms
2026-01-05 02:27:43,810 - INFO - step 4304 | dt: 2416.64 ms
2026-01-05 02:27:46,192 - INFO - step 4305 | dt: 2379.90 ms
2026-01-05 02:27:48,635 - INFO - step 4306 | dt: 2441.20 ms
2026-01-05 02:27:51,064 - INFO - step 4307 | dt: 2427.77 ms
2026-01-05 02:27:53,467 - INFO - step 4308 | dt: 2400.13 ms
2026-01-05 02:27:55,906 - INFO - step 4309 | dt: 2436.11 ms
2026-01-05 02:27:58,313 - INFO - step 4310 | dt: 2405.64 ms
2026-01-05 02:28:00,724 - INFO - step 4311 | dt: 2407.56 ms
2026-01-05 02:28:03,259 - INFO - step 4312 | dt: 2533.19 ms
2026-01-05 02:28:05,693 - INFO - step 4313 | dt: 2433.04 ms
2026-01-05 02:28:08,459 - INFO - step 4314 | dt: 2763.20 ms
2026-01-05 02:28:11,382 - INFO - step 4315 | dt: 2921.73 ms
2026-01-05 02:28:13,800 - INFO - step 4316 | dt: 2415.69 ms
2026-01-05 02:28:16,236 - INFO - step 4317 | dt: 2434.66 ms
2026-01-05 02:28:18,631 - INFO - step 4318 | dt: 2392.44 ms
2026-01-05 02:28:21,054 - INFO - step 4319 | dt: 2422.00 ms
2026-01-05 02:28:23,478 - INFO - step 4320 | dt: 2422.11 ms
2026-01-05 02:28:25,898 - INFO - step 4321 | dt: 2416.92 ms
2026-01-05 02:28:28,309 - INFO - step 4322 | dt: 2407.98 ms
2026-01-05 02:28:30,718 - INFO - step 4323 | dt: 2406.95 ms
2026-01-05 02:28:33,627 - INFO - step 4324 | dt: 2907.09 ms
2026-01-05 02:28:36,051 - INFO - step 4325 | dt: 2421.78 ms
2026-01-05 02:28:39,226 - INFO - step 4326 | dt: 3173.40 ms
2026-01-05 02:28:41,673 - INFO - step 4327 | dt: 2445.04 ms
2026-01-05 02:28:44,129 - INFO - step 4328 | dt: 2454.27 ms
2026-01-05 02:28:47,334 - INFO - step 4329 | dt: 3204.04 ms
2026-01-05 02:28:50,251 - INFO - step 4330 | dt: 2915.06 ms
2026-01-05 02:28:52,674 - INFO - step 4331 | dt: 2421.60 ms
2026-01-05 02:28:55,359 - INFO - step 4332 | dt: 2682.61 ms
2026-01-05 02:28:57,811 - INFO - step 4333 | dt: 2449.94 ms
2026-01-05 02:29:00,230 - INFO - step 4334 | dt: 2417.12 ms
2026-01-05 02:29:02,710 - INFO - step 4335 | dt: 2478.08 ms
2026-01-05 02:29:05,135 - INFO - step 4336 | dt: 2422.17 ms
2026-01-05 02:29:08,600 - INFO - step 4337 | dt: 3463.64 ms
2026-01-05 02:29:11,522 - INFO - step 4338 | dt: 2919.57 ms
2026-01-05 02:29:14,229 - INFO - step 4339 | dt: 2706.36 ms
2026-01-05 02:29:16,668 - INFO - step 4340 | dt: 2436.93 ms
2026-01-05 02:29:19,065 - INFO - step 4341 | dt: 2395.09 ms
2026-01-05 02:29:21,431 - INFO - step 4342 | dt: 2364.06 ms
2026-01-05 02:29:23,983 - INFO - step 4343 | dt: 2551.05 ms
2026-01-05 02:29:26,477 - INFO - step 4344 | dt: 2492.11 ms
2026-01-05 02:29:28,876 - INFO - step 4345 | dt: 2397.03 ms
2026-01-05 02:29:32,027 - INFO - step 4346 | dt: 3149.58 ms
2026-01-05 02:29:34,447 - INFO - step 4347 | dt: 2417.73 ms
2026-01-05 02:29:36,929 - INFO - step 4348 | dt: 2480.39 ms
2026-01-05 02:29:39,754 - INFO - step 4349 | dt: 2821.85 ms
2026-01-05 02:29:42,157 - INFO - step 4350 | dt: 2398.79 ms
2026-01-05 02:29:44,630 - INFO - step 4351 | dt: 2471.71 ms
2026-01-05 02:29:47,876 - INFO - step 4352 | dt: 3244.30 ms
2026-01-05 02:29:50,717 - INFO - step 4353 | dt: 2838.93 ms
2026-01-05 02:29:53,116 - INFO - step 4354 | dt: 2397.60 ms
2026-01-05 02:29:55,528 - INFO - step 4355 | dt: 2409.42 ms
2026-01-05 02:29:57,938 - INFO - step 4356 | dt: 2406.09 ms
2026-01-05 02:30:01,017 - INFO - step 4357 | dt: 3078.39 ms
2026-01-05 02:30:03,412 - INFO - step 4358 | dt: 2392.11 ms
2026-01-05 02:30:05,896 - INFO - step 4359 | dt: 2481.08 ms
2026-01-05 02:30:08,329 - INFO - step 4360 | dt: 2431.43 ms
2026-01-05 02:30:10,754 - INFO - step 4361 | dt: 2423.91 ms
2026-01-05 02:30:13,155 - INFO - step 4362 | dt: 2398.46 ms
2026-01-05 02:30:15,863 - INFO - step 4363 | dt: 2705.42 ms
2026-01-05 02:30:18,783 - INFO - step 4364 | dt: 2918.12 ms
2026-01-05 02:30:21,234 - INFO - step 4365 | dt: 2448.43 ms
2026-01-05 02:30:23,704 - INFO - step 4366 | dt: 2468.69 ms
2026-01-05 02:30:27,085 - INFO - step 4367 | dt: 3379.54 ms
2026-01-05 02:30:30,236 - INFO - step 4368 | dt: 3147.01 ms
2026-01-05 02:30:32,728 - INFO - step 4369 | dt: 2490.77 ms
2026-01-05 02:30:35,216 - INFO - step 4370 | dt: 2485.67 ms
2026-01-05 02:30:37,696 - INFO - step 4371 | dt: 2478.30 ms
2026-01-05 02:30:40,148 - INFO - step 4372 | dt: 2448.66 ms
2026-01-05 02:30:42,531 - INFO - step 4373 | dt: 2379.66 ms
2026-01-05 02:30:45,728 - INFO - step 4374 | dt: 3192.94 ms
2026-01-05 02:30:48,182 - INFO - step 4375 | dt: 2452.02 ms
2026-01-05 02:30:51,341 - INFO - step 4376 | dt: 3155.32 ms
2026-01-05 02:30:53,956 - INFO - step 4377 | dt: 2613.10 ms
2026-01-05 02:30:56,389 - INFO - step 4378 | dt: 2431.57 ms
2026-01-05 02:30:58,815 - INFO - step 4379 | dt: 2423.61 ms
2026-01-05 02:31:01,226 - INFO - step 4380 | dt: 2408.04 ms
2026-01-05 02:31:03,644 - INFO - step 4381 | dt: 2414.94 ms
2026-01-05 02:31:06,437 - INFO - step 4382 | dt: 2791.95 ms
2026-01-05 02:31:08,880 - INFO - step 4383 | dt: 2441.29 ms
2026-01-05 02:31:11,298 - INFO - step 4384 | dt: 2416.30 ms
2026-01-05 02:31:13,693 - INFO - step 4385 | dt: 2392.51 ms
2026-01-05 02:31:16,292 - INFO - step 4386 | dt: 2596.47 ms
2026-01-05 02:31:18,784 - INFO - step 4387 | dt: 2489.24 ms
2026-01-05 02:31:21,177 - INFO - step 4388 | dt: 2390.76 ms
2026-01-05 02:31:23,627 - INFO - step 4389 | dt: 2448.70 ms
2026-01-05 02:31:26,065 - INFO - step 4390 | dt: 2435.05 ms
2026-01-05 02:31:28,467 - INFO - step 4391 | dt: 2399.01 ms
2026-01-05 02:31:30,872 - INFO - step 4392 | dt: 2403.34 ms
2026-01-05 02:31:33,266 - INFO - step 4393 | dt: 2392.11 ms
2026-01-05 02:31:36,570 - INFO - step 4394 | dt: 3301.97 ms
2026-01-05 02:31:39,052 - INFO - step 4395 | dt: 2479.64 ms
2026-01-05 02:31:42,280 - INFO - step 4396 | dt: 3225.19 ms
2026-01-05 02:31:45,507 - INFO - step 4397 | dt: 3226.19 ms
2026-01-05 02:31:48,119 - INFO - step 4398 | dt: 2609.38 ms
2026-01-05 02:31:50,816 - INFO - step 4399 | dt: 2694.34 ms
2026-01-05 02:31:54,123 - INFO - step 4400 | dt: 3304.67 ms
2026-01-05 02:31:57,242 - INFO - step 4401 | dt: 3116.92 ms
2026-01-05 02:31:59,832 - INFO - step 4402 | dt: 2588.45 ms
2026-01-05 02:32:02,347 - INFO - step 4403 | dt: 2513.39 ms
2026-01-05 02:32:05,605 - INFO - step 4404 | dt: 3256.24 ms
2026-01-05 02:32:08,401 - INFO - step 4405 | dt: 2793.92 ms
2026-01-05 02:32:11,649 - INFO - step 4406 | dt: 3245.97 ms
2026-01-05 02:32:14,966 - INFO - step 4407 | dt: 3315.41 ms
2026-01-05 02:32:18,227 - INFO - step 4408 | dt: 3257.90 ms
2026-01-05 02:32:20,935 - INFO - step 4409 | dt: 2707.29 ms
2026-01-05 02:32:23,408 - INFO - step 4410 | dt: 2470.19 ms
2026-01-05 02:32:25,837 - INFO - step 4411 | dt: 2426.77 ms
2026-01-05 02:32:28,244 - INFO - step 4412 | dt: 2405.45 ms
2026-01-05 02:32:30,676 - INFO - step 4413 | dt: 2430.28 ms
2026-01-05 02:32:33,878 - INFO - step 4414 | dt: 3200.13 ms
2026-01-05 02:32:36,825 - INFO - step 4415 | dt: 2944.89 ms
2026-01-05 02:32:39,945 - INFO - step 4416 | dt: 3118.13 ms
2026-01-05 02:32:42,356 - INFO - step 4417 | dt: 2408.51 ms
2026-01-05 02:32:45,686 - INFO - step 4418 | dt: 3328.46 ms
2026-01-05 02:32:48,693 - INFO - step 4419 | dt: 3005.64 ms
2026-01-05 02:32:51,162 - INFO - step 4420 | dt: 2467.16 ms
2026-01-05 02:32:54,355 - INFO - step 4421 | dt: 3191.30 ms
2026-01-05 02:32:57,391 - INFO - step 4422 | dt: 3033.80 ms
2026-01-05 02:32:59,950 - INFO - step 4423 | dt: 2557.49 ms
2026-01-05 02:33:02,419 - INFO - step 4424 | dt: 2465.39 ms
2026-01-05 02:33:04,845 - INFO - step 4425 | dt: 2424.70 ms
2026-01-05 02:33:07,217 - INFO - step 4426 | dt: 2369.68 ms
2026-01-05 02:33:09,687 - INFO - step 4427 | dt: 2468.35 ms
2026-01-05 02:33:12,155 - INFO - step 4428 | dt: 2464.71 ms
2026-01-05 02:33:15,350 - INFO - step 4429 | dt: 3194.00 ms
2026-01-05 02:33:18,226 - INFO - step 4430 | dt: 2874.12 ms
2026-01-05 02:33:20,653 - INFO - step 4431 | dt: 2425.83 ms
2026-01-05 02:33:23,066 - INFO - step 4432 | dt: 2410.28 ms
2026-01-05 02:33:25,569 - INFO - step 4433 | dt: 2501.35 ms
2026-01-05 02:33:27,966 - INFO - step 4434 | dt: 2394.29 ms
2026-01-05 02:33:30,402 - INFO - step 4435 | dt: 2434.06 ms
2026-01-05 02:33:33,378 - INFO - step 4436 | dt: 2973.22 ms
2026-01-05 02:33:35,844 - INFO - step 4437 | dt: 2463.57 ms
2026-01-05 02:33:38,287 - INFO - step 4438 | dt: 2441.03 ms
2026-01-05 02:33:40,692 - INFO - step 4439 | dt: 2403.52 ms
2026-01-05 02:33:43,090 - INFO - step 4440 | dt: 2395.39 ms
2026-01-05 02:33:45,510 - INFO - step 4441 | dt: 2417.44 ms
2026-01-05 02:33:47,933 - INFO - step 4442 | dt: 2420.93 ms
2026-01-05 02:33:50,388 - INFO - step 4443 | dt: 2452.65 ms
2026-01-05 02:33:52,821 - INFO - step 4444 | dt: 2431.46 ms
2026-01-05 02:33:56,224 - INFO - step 4445 | dt: 3401.38 ms
2026-01-05 02:33:58,734 - INFO - step 4446 | dt: 2507.24 ms
2026-01-05 02:34:01,123 - INFO - step 4447 | dt: 2386.78 ms
2026-01-05 02:34:03,607 - INFO - step 4448 | dt: 2482.43 ms
2026-01-05 02:34:06,452 - INFO - step 4449 | dt: 2841.73 ms
2026-01-05 02:34:08,887 - INFO - step 4450 | dt: 2431.42 ms
2026-01-05 02:34:11,508 - INFO - step 4451 | dt: 2619.31 ms
2026-01-05 02:34:13,929 - INFO - step 4452 | dt: 2418.70 ms
2026-01-05 02:34:16,376 - INFO - step 4453 | dt: 2444.97 ms
2026-01-05 02:34:18,866 - INFO - step 4454 | dt: 2488.41 ms
2026-01-05 02:34:21,328 - INFO - step 4455 | dt: 2458.83 ms
2026-01-05 02:34:24,666 - INFO - step 4456 | dt: 3336.19 ms
2026-01-05 02:34:27,704 - INFO - step 4457 | dt: 3035.22 ms
2026-01-05 02:34:30,737 - INFO - step 4458 | dt: 3032.19 ms
2026-01-05 02:34:33,106 - INFO - step 4459 | dt: 2366.20 ms
2026-01-05 02:34:36,300 - INFO - step 4460 | dt: 3192.41 ms
2026-01-05 02:34:38,814 - INFO - step 4461 | dt: 2513.19 ms
2026-01-05 02:34:41,255 - INFO - step 4462 | dt: 2438.91 ms
2026-01-05 02:34:43,644 - INFO - step 4463 | dt: 2387.70 ms
2026-01-05 02:34:46,888 - INFO - step 4464 | dt: 3241.85 ms
2026-01-05 02:34:49,755 - INFO - step 4465 | dt: 2863.35 ms
2026-01-05 02:34:52,194 - INFO - step 4466 | dt: 2437.72 ms
2026-01-05 02:34:54,619 - INFO - step 4467 | dt: 2423.12 ms
2026-01-05 02:34:57,025 - INFO - step 4468 | dt: 2404.27 ms
2026-01-05 02:34:59,443 - INFO - step 4469 | dt: 2415.82 ms
2026-01-05 02:35:01,847 - INFO - step 4470 | dt: 2401.12 ms
2026-01-05 02:35:04,262 - INFO - step 4471 | dt: 2412.32 ms
2026-01-05 02:35:06,642 - INFO - step 4472 | dt: 2379.05 ms
2026-01-05 02:35:09,048 - INFO - step 4473 | dt: 2403.31 ms
2026-01-05 02:35:12,383 - INFO - step 4474 | dt: 3333.66 ms
2026-01-05 02:35:15,067 - INFO - step 4475 | dt: 2682.34 ms
2026-01-05 02:35:17,444 - INFO - step 4476 | dt: 2374.97 ms
2026-01-05 02:35:20,758 - INFO - step 4477 | dt: 3312.18 ms
2026-01-05 02:35:23,270 - INFO - step 4478 | dt: 2509.84 ms
2026-01-05 02:35:26,484 - INFO - step 4479 | dt: 3212.58 ms
2026-01-05 02:35:28,863 - INFO - step 4480 | dt: 2376.27 ms
2026-01-05 02:35:31,223 - INFO - step 4481 | dt: 2358.50 ms
2026-01-05 02:35:33,568 - INFO - step 4482 | dt: 2343.76 ms
2026-01-05 02:35:36,008 - INFO - step 4483 | dt: 2437.69 ms
2026-01-05 02:35:38,553 - INFO - step 4484 | dt: 2543.36 ms
2026-01-05 02:35:40,929 - INFO - step 4485 | dt: 2374.93 ms
2026-01-05 02:35:43,325 - INFO - step 4486 | dt: 2394.33 ms
2026-01-05 02:35:45,848 - INFO - step 4487 | dt: 2520.78 ms
2026-01-05 02:35:48,254 - INFO - step 4488 | dt: 2404.16 ms
2026-01-05 02:35:50,715 - INFO - step 4489 | dt: 2457.74 ms
2026-01-05 02:35:53,197 - INFO - step 4490 | dt: 2479.78 ms
2026-01-05 02:35:56,546 - INFO - step 4491 | dt: 3346.94 ms
2026-01-05 02:35:59,015 - INFO - step 4492 | dt: 2466.24 ms
2026-01-05 02:36:01,421 - INFO - step 4493 | dt: 2404.13 ms
2026-01-05 02:36:03,857 - INFO - step 4494 | dt: 2434.77 ms
2026-01-05 02:36:06,314 - INFO - step 4495 | dt: 2455.23 ms
2026-01-05 02:36:08,724 - INFO - step 4496 | dt: 2408.01 ms
2026-01-05 02:36:11,118 - INFO - step 4497 | dt: 2392.71 ms
2026-01-05 02:36:13,510 - INFO - step 4498 | dt: 2388.27 ms
2026-01-05 02:36:16,186 - INFO - step 4499 | dt: 2673.42 ms
2026-01-05 02:36:19,393 - INFO - step 4500 | dt: 3203.97 ms
2026-01-05 02:36:22,744 - INFO - step 4501 | dt: 3348.76 ms
2026-01-05 02:36:25,314 - INFO - step 4502 | dt: 2567.75 ms
2026-01-05 02:36:28,357 - INFO - step 4503 | dt: 3040.51 ms
2026-01-05 02:36:31,439 - INFO - step 4504 | dt: 3080.30 ms
2026-01-05 02:36:34,557 - INFO - step 4505 | dt: 3116.24 ms
2026-01-05 02:36:37,007 - INFO - step 4506 | dt: 2447.01 ms
2026-01-05 02:36:39,405 - INFO - step 4507 | dt: 2395.89 ms
2026-01-05 02:36:41,819 - INFO - step 4508 | dt: 2412.63 ms
2026-01-05 02:36:44,349 - INFO - step 4509 | dt: 2527.69 ms
2026-01-05 02:36:46,784 - INFO - step 4510 | dt: 2433.11 ms
2026-01-05 02:36:49,240 - INFO - step 4511 | dt: 2454.12 ms
2026-01-05 02:36:51,720 - INFO - step 4512 | dt: 2477.53 ms
2026-01-05 02:36:54,775 - INFO - step 4513 | dt: 3052.82 ms
2026-01-05 02:36:58,017 - INFO - step 4514 | dt: 3241.22 ms
2026-01-05 02:37:00,619 - INFO - step 4515 | dt: 2599.31 ms
2026-01-05 02:37:03,002 - INFO - step 4516 | dt: 2381.06 ms
2026-01-05 02:37:06,379 - INFO - step 4517 | dt: 3375.26 ms
2026-01-05 02:37:09,038 - INFO - step 4518 | dt: 2656.50 ms
2026-01-05 02:37:11,432 - INFO - step 4519 | dt: 2391.27 ms
2026-01-05 02:37:13,824 - INFO - step 4520 | dt: 2390.08 ms
2026-01-05 02:37:16,283 - INFO - step 4521 | dt: 2457.30 ms
2026-01-05 02:37:18,695 - INFO - step 4522 | dt: 2409.02 ms
2026-01-05 02:37:21,080 - INFO - step 4523 | dt: 2383.59 ms
2026-01-05 02:37:23,598 - INFO - step 4524 | dt: 2515.48 ms
2026-01-05 02:37:26,302 - INFO - step 4525 | dt: 2703.20 ms
2026-01-05 02:37:28,689 - INFO - step 4526 | dt: 2384.41 ms
2026-01-05 02:37:31,098 - INFO - step 4527 | dt: 2405.78 ms
2026-01-05 02:37:33,483 - INFO - step 4528 | dt: 2383.43 ms
2026-01-05 02:37:36,517 - INFO - step 4529 | dt: 3032.50 ms
2026-01-05 02:37:39,695 - INFO - step 4530 | dt: 3176.31 ms
2026-01-05 02:37:42,128 - INFO - step 4531 | dt: 2431.44 ms
2026-01-05 02:37:44,555 - INFO - step 4532 | dt: 2425.25 ms
2026-01-05 02:37:46,940 - INFO - step 4533 | dt: 2382.96 ms
2026-01-05 02:37:50,009 - INFO - step 4534 | dt: 3067.37 ms
2026-01-05 02:37:52,576 - INFO - step 4535 | dt: 2565.65 ms
2026-01-05 02:37:55,084 - INFO - step 4536 | dt: 2505.31 ms
2026-01-05 02:37:57,495 - INFO - step 4537 | dt: 2408.71 ms
2026-01-05 02:38:00,120 - INFO - step 4538 | dt: 2623.36 ms
2026-01-05 02:38:02,519 - INFO - step 4539 | dt: 2396.51 ms
2026-01-05 02:38:04,924 - INFO - step 4540 | dt: 2403.68 ms
2026-01-05 02:38:07,393 - INFO - step 4541 | dt: 2466.86 ms
2026-01-05 02:38:09,790 - INFO - step 4542 | dt: 2394.15 ms
2026-01-05 02:38:12,182 - INFO - step 4543 | dt: 2390.95 ms
2026-01-05 02:38:15,648 - INFO - step 4544 | dt: 3463.97 ms
2026-01-05 02:38:18,368 - INFO - step 4545 | dt: 2716.92 ms
2026-01-05 02:38:20,837 - INFO - step 4546 | dt: 2466.92 ms
2026-01-05 02:38:23,285 - INFO - step 4547 | dt: 2445.71 ms
2026-01-05 02:38:25,800 - INFO - step 4548 | dt: 2513.76 ms
2026-01-05 02:38:28,297 - INFO - step 4549 | dt: 2494.40 ms
2026-01-05 02:38:30,752 - INFO - step 4550 | dt: 2449.89 ms
2026-01-05 02:38:33,916 - INFO - step 4551 | dt: 3161.86 ms
2026-01-05 02:38:36,362 - INFO - step 4552 | dt: 2444.20 ms
2026-01-05 02:38:38,804 - INFO - step 4553 | dt: 2440.12 ms
2026-01-05 02:38:41,257 - INFO - step 4554 | dt: 2451.60 ms
2026-01-05 02:38:43,650 - INFO - step 4555 | dt: 2391.09 ms
2026-01-05 02:38:46,965 - INFO - step 4556 | dt: 3313.38 ms
2026-01-05 02:38:49,995 - INFO - step 4557 | dt: 3027.56 ms
2026-01-05 02:38:52,526 - INFO - step 4558 | dt: 2529.60 ms
2026-01-05 02:38:55,961 - INFO - step 4559 | dt: 3432.98 ms
2026-01-05 02:38:58,418 - INFO - step 4560 | dt: 2453.27 ms
2026-01-05 02:39:00,913 - INFO - step 4561 | dt: 2493.79 ms
2026-01-05 02:39:03,305 - INFO - step 4562 | dt: 2390.31 ms
2026-01-05 02:39:05,726 - INFO - step 4563 | dt: 2417.64 ms
2026-01-05 02:39:08,824 - INFO - step 4564 | dt: 3095.83 ms
2026-01-05 02:39:11,951 - INFO - step 4565 | dt: 3125.99 ms
2026-01-05 02:39:15,170 - INFO - step 4566 | dt: 3218.10 ms
2026-01-05 02:39:18,201 - INFO - step 4567 | dt: 3028.26 ms
2026-01-05 02:39:21,003 - INFO - step 4568 | dt: 2800.67 ms
2026-01-05 02:39:24,310 - INFO - step 4569 | dt: 3304.75 ms
2026-01-05 02:39:26,953 - INFO - step 4570 | dt: 2640.55 ms
2026-01-05 02:39:29,436 - INFO - step 4571 | dt: 2479.37 ms
2026-01-05 02:39:31,920 - INFO - step 4572 | dt: 2482.73 ms
2026-01-05 02:39:34,322 - INFO - step 4573 | dt: 2399.23 ms
2026-01-05 02:39:36,731 - INFO - step 4574 | dt: 2406.53 ms
2026-01-05 02:39:39,119 - INFO - step 4575 | dt: 2385.41 ms
2026-01-05 02:39:41,514 - INFO - step 4576 | dt: 2393.50 ms
2026-01-05 02:39:43,890 - INFO - step 4577 | dt: 2372.67 ms
2026-01-05 02:39:46,289 - INFO - step 4578 | dt: 2397.51 ms
2026-01-05 02:39:49,352 - INFO - step 4579 | dt: 3060.84 ms
2026-01-05 02:39:52,310 - INFO - step 4580 | dt: 2956.25 ms
2026-01-05 02:39:54,910 - INFO - step 4581 | dt: 2598.89 ms
2026-01-05 02:39:58,159 - INFO - step 4582 | dt: 3246.49 ms
2026-01-05 02:40:01,150 - INFO - step 4583 | dt: 2989.85 ms
2026-01-05 02:40:03,883 - INFO - step 4584 | dt: 2730.61 ms
2026-01-05 02:40:06,321 - INFO - step 4585 | dt: 2436.36 ms
2026-01-05 02:40:08,730 - INFO - step 4586 | dt: 2407.68 ms
2026-01-05 02:40:11,878 - INFO - step 4587 | dt: 3144.92 ms
2026-01-05 02:40:14,491 - INFO - step 4588 | dt: 2611.38 ms
2026-01-05 02:40:17,012 - INFO - step 4589 | dt: 2518.02 ms
2026-01-05 02:40:19,587 - INFO - step 4590 | dt: 2571.95 ms
2026-01-05 02:40:22,096 - INFO - step 4591 | dt: 2508.29 ms
2026-01-05 02:40:24,514 - INFO - step 4592 | dt: 2416.21 ms
2026-01-05 02:40:26,924 - INFO - step 4593 | dt: 2406.92 ms
2026-01-05 02:40:29,321 - INFO - step 4594 | dt: 2394.42 ms
2026-01-05 02:40:31,823 - INFO - step 4595 | dt: 2499.33 ms
2026-01-05 02:40:34,285 - INFO - step 4596 | dt: 2460.41 ms
2026-01-05 02:40:36,700 - INFO - step 4597 | dt: 2413.16 ms
2026-01-05 02:40:39,145 - INFO - step 4598 | dt: 2442.83 ms
2026-01-05 02:40:41,919 - INFO - step 4599 | dt: 2761.30 ms
2026-01-05 02:40:44,330 - INFO - step 4600 | dt: 2405.89 ms
2026-01-05 02:40:47,005 - INFO - step 4601 | dt: 2672.92 ms
2026-01-05 02:40:49,636 - INFO - step 4602 | dt: 2627.42 ms
2026-01-05 02:40:52,061 - INFO - step 4603 | dt: 2423.29 ms
2026-01-05 02:40:54,514 - INFO - step 4604 | dt: 2451.55 ms
2026-01-05 02:40:57,863 - INFO - step 4605 | dt: 3346.31 ms
2026-01-05 02:41:00,295 - INFO - step 4606 | dt: 2430.21 ms
2026-01-05 02:41:02,746 - INFO - step 4607 | dt: 2449.28 ms
2026-01-05 02:41:05,166 - INFO - step 4608 | dt: 2418.02 ms
2026-01-05 02:41:07,646 - INFO - step 4609 | dt: 2477.85 ms
2026-01-05 02:41:10,148 - INFO - step 4610 | dt: 2500.25 ms
2026-01-05 02:41:12,550 - INFO - step 4611 | dt: 2399.62 ms
2026-01-05 02:41:15,154 - INFO - step 4612 | dt: 2601.78 ms
2026-01-05 02:41:17,546 - INFO - step 4613 | dt: 2390.81 ms
2026-01-05 02:41:20,068 - INFO - step 4614 | dt: 2513.95 ms
2026-01-05 02:41:22,579 - INFO - step 4615 | dt: 2509.38 ms
2026-01-05 02:41:25,689 - INFO - step 4616 | dt: 3108.65 ms
2026-01-05 02:41:28,698 - INFO - step 4617 | dt: 3005.31 ms
2026-01-05 02:41:31,202 - INFO - step 4618 | dt: 2502.62 ms
2026-01-05 02:41:33,612 - INFO - step 4619 | dt: 2408.10 ms
2026-01-05 02:41:36,821 - INFO - step 4620 | dt: 3207.48 ms
2026-01-05 02:41:39,808 - INFO - step 4621 | dt: 2984.45 ms
2026-01-05 02:41:42,650 - INFO - step 4622 | dt: 2840.59 ms
2026-01-05 02:41:45,362 - INFO - step 4623 | dt: 2710.40 ms
2026-01-05 02:41:48,775 - INFO - step 4624 | dt: 3410.00 ms
2026-01-05 02:41:51,200 - INFO - step 4625 | dt: 2424.06 ms
2026-01-05 02:41:53,584 - INFO - step 4626 | dt: 2381.20 ms
2026-01-05 02:41:56,021 - INFO - step 4627 | dt: 2435.24 ms
2026-01-05 02:41:58,411 - INFO - step 4628 | dt: 2387.49 ms
2026-01-05 02:42:00,802 - INFO - step 4629 | dt: 2388.22 ms
2026-01-05 02:42:03,364 - INFO - step 4630 | dt: 2560.36 ms
2026-01-05 02:42:05,895 - INFO - step 4631 | dt: 2528.94 ms
2026-01-05 02:42:08,291 - INFO - step 4632 | dt: 2393.97 ms
2026-01-05 02:42:10,770 - INFO - step 4633 | dt: 2477.10 ms
2026-01-05 02:42:13,154 - INFO - step 4634 | dt: 2382.48 ms
2026-01-05 02:42:15,897 - INFO - step 4635 | dt: 2739.18 ms
2026-01-05 02:42:18,294 - INFO - step 4636 | dt: 2393.29 ms
2026-01-05 02:42:20,761 - INFO - step 4637 | dt: 2465.95 ms
2026-01-05 02:42:23,163 - INFO - step 4638 | dt: 2398.76 ms
2026-01-05 02:42:25,572 - INFO - step 4639 | dt: 2407.48 ms
2026-01-05 02:42:27,957 - INFO - step 4640 | dt: 2382.81 ms
2026-01-05 02:42:31,254 - INFO - step 4641 | dt: 3294.10 ms
2026-01-05 02:42:33,669 - INFO - step 4642 | dt: 2412.32 ms
2026-01-05 02:42:36,070 - INFO - step 4643 | dt: 2399.32 ms
2026-01-05 02:42:38,477 - INFO - step 4644 | dt: 2405.31 ms
2026-01-05 02:42:40,957 - INFO - step 4645 | dt: 2478.21 ms
2026-01-05 02:42:43,351 - INFO - step 4646 | dt: 2390.62 ms
2026-01-05 02:42:46,704 - INFO - step 4647 | dt: 3349.91 ms
2026-01-05 02:42:49,129 - INFO - step 4648 | dt: 2422.79 ms
2026-01-05 02:42:52,545 - INFO - step 4649 | dt: 3413.11 ms
2026-01-05 02:42:54,979 - INFO - step 4650 | dt: 2431.11 ms
2026-01-05 02:42:57,437 - INFO - step 4651 | dt: 2454.64 ms
2026-01-05 02:43:00,474 - INFO - step 4652 | dt: 3036.06 ms
2026-01-05 02:43:02,863 - INFO - step 4653 | dt: 2386.92 ms
2026-01-05 02:43:05,258 - INFO - step 4654 | dt: 2392.85 ms
2026-01-05 02:43:07,633 - INFO - step 4655 | dt: 2373.84 ms
2026-01-05 02:43:10,043 - INFO - step 4656 | dt: 2407.14 ms
2026-01-05 02:43:12,451 - INFO - step 4657 | dt: 2406.21 ms
2026-01-05 02:43:14,928 - INFO - step 4658 | dt: 2475.05 ms
2026-01-05 02:43:18,164 - INFO - step 4659 | dt: 3233.47 ms
2026-01-05 02:43:20,577 - INFO - step 4660 | dt: 2411.63 ms
2026-01-05 02:43:23,283 - INFO - step 4661 | dt: 2704.26 ms
2026-01-05 02:43:25,703 - INFO - step 4662 | dt: 2418.21 ms
2026-01-05 02:43:28,794 - INFO - step 4663 | dt: 3088.83 ms
2026-01-05 02:43:31,819 - INFO - step 4664 | dt: 3022.73 ms
2026-01-05 02:43:34,210 - INFO - step 4665 | dt: 2389.38 ms
2026-01-05 02:43:36,666 - INFO - step 4666 | dt: 2454.80 ms
2026-01-05 02:43:39,104 - INFO - step 4667 | dt: 2436.12 ms
2026-01-05 02:43:41,521 - INFO - step 4668 | dt: 2413.76 ms
2026-01-05 02:43:43,922 - INFO - step 4669 | dt: 2399.91 ms
2026-01-05 02:43:46,335 - INFO - step 4670 | dt: 2409.81 ms
2026-01-05 02:43:48,724 - INFO - step 4671 | dt: 2387.04 ms
2026-01-05 02:43:51,149 - INFO - step 4672 | dt: 2422.35 ms
2026-01-05 02:43:53,516 - INFO - step 4673 | dt: 2365.35 ms
2026-01-05 02:43:56,354 - INFO - step 4674 | dt: 2834.59 ms
2026-01-05 02:43:59,087 - INFO - step 4675 | dt: 2731.63 ms
2026-01-05 02:44:01,515 - INFO - step 4676 | dt: 2426.98 ms
2026-01-05 02:44:03,980 - INFO - step 4677 | dt: 2461.31 ms
2026-01-05 02:44:06,401 - INFO - step 4678 | dt: 2419.04 ms
2026-01-05 02:44:08,811 - INFO - step 4679 | dt: 2408.51 ms
2026-01-05 02:44:11,181 - INFO - step 4680 | dt: 2368.28 ms
2026-01-05 02:44:13,597 - INFO - step 4681 | dt: 2414.28 ms
2026-01-05 02:44:16,566 - INFO - step 4682 | dt: 2966.29 ms
2026-01-05 02:44:19,674 - INFO - step 4683 | dt: 3106.48 ms
2026-01-05 02:44:22,318 - INFO - step 4684 | dt: 2642.38 ms
2026-01-05 02:44:25,014 - INFO - step 4685 | dt: 2694.59 ms
2026-01-05 02:44:27,479 - INFO - step 4686 | dt: 2462.49 ms
2026-01-05 02:44:30,653 - INFO - step 4687 | dt: 3171.47 ms
2026-01-05 02:44:33,903 - INFO - step 4688 | dt: 3248.04 ms
2026-01-05 02:44:36,949 - INFO - step 4689 | dt: 3044.80 ms
2026-01-05 02:44:40,050 - INFO - step 4690 | dt: 3098.99 ms
2026-01-05 02:44:42,531 - INFO - step 4691 | dt: 2478.87 ms
2026-01-05 02:44:44,958 - INFO - step 4692 | dt: 2425.11 ms
2026-01-05 02:44:47,373 - INFO - step 4693 | dt: 2413.77 ms
2026-01-05 02:44:49,867 - INFO - step 4694 | dt: 2492.33 ms
2026-01-05 02:44:52,285 - INFO - step 4695 | dt: 2415.93 ms
2026-01-05 02:44:54,694 - INFO - step 4696 | dt: 2405.98 ms
2026-01-05 02:44:57,056 - INFO - step 4697 | dt: 2361.16 ms
2026-01-05 02:44:59,571 - INFO - step 4698 | dt: 2512.48 ms
2026-01-05 02:45:02,334 - INFO - step 4699 | dt: 2759.90 ms
2026-01-05 02:45:04,797 - INFO - step 4700 | dt: 2460.12 ms
2026-01-05 02:45:07,480 - INFO - step 4701 | dt: 2681.53 ms
2026-01-05 02:45:10,637 - INFO - step 4702 | dt: 3154.96 ms
2026-01-05 02:45:13,664 - INFO - step 4703 | dt: 3024.56 ms
2026-01-05 02:45:16,447 - INFO - step 4704 | dt: 2780.67 ms
2026-01-05 02:45:18,955 - INFO - step 4705 | dt: 2506.19 ms
2026-01-05 02:45:22,041 - INFO - step 4706 | dt: 3084.08 ms
2026-01-05 02:45:25,178 - INFO - step 4707 | dt: 3135.77 ms
2026-01-05 02:45:28,286 - INFO - step 4708 | dt: 3106.20 ms
2026-01-05 02:45:30,734 - INFO - step 4709 | dt: 2445.24 ms
2026-01-05 02:45:33,843 - INFO - step 4710 | dt: 3107.70 ms
2026-01-05 02:45:36,974 - INFO - step 4711 | dt: 3129.11 ms
2026-01-05 02:45:40,308 - INFO - step 4712 | dt: 3332.29 ms
2026-01-05 02:45:43,192 - INFO - step 4713 | dt: 2881.07 ms
2026-01-05 02:45:45,643 - INFO - step 4714 | dt: 2448.91 ms
2026-01-05 02:45:48,779 - INFO - step 4715 | dt: 3134.73 ms
2026-01-05 02:45:51,725 - INFO - step 4716 | dt: 2944.81 ms
2026-01-05 02:45:54,963 - INFO - step 4717 | dt: 3235.84 ms
2026-01-05 02:45:58,193 - INFO - step 4718 | dt: 3228.14 ms
2026-01-05 02:46:01,168 - INFO - step 4719 | dt: 2971.78 ms
2026-01-05 02:46:03,602 - INFO - step 4720 | dt: 2433.47 ms
2026-01-05 02:46:06,062 - INFO - step 4721 | dt: 2457.51 ms
2026-01-05 02:46:08,443 - INFO - step 4722 | dt: 2377.55 ms
2026-01-05 02:46:10,874 - INFO - step 4723 | dt: 2429.43 ms
2026-01-05 02:46:13,380 - INFO - step 4724 | dt: 2504.06 ms
2026-01-05 02:46:15,853 - INFO - step 4725 | dt: 2471.34 ms
2026-01-05 02:46:18,241 - INFO - step 4726 | dt: 2386.64 ms
2026-01-05 02:46:20,674 - INFO - step 4727 | dt: 2431.27 ms
2026-01-05 02:46:23,096 - INFO - step 4728 | dt: 2419.01 ms
2026-01-05 02:46:25,548 - INFO - step 4729 | dt: 2450.76 ms
2026-01-05 02:46:27,993 - INFO - step 4730 | dt: 2442.31 ms
2026-01-05 02:46:30,404 - INFO - step 4731 | dt: 2409.08 ms
2026-01-05 02:46:33,597 - INFO - step 4732 | dt: 3190.64 ms
2026-01-05 02:46:35,997 - INFO - step 4733 | dt: 2399.29 ms
2026-01-05 02:46:38,551 - INFO - step 4734 | dt: 2551.32 ms
2026-01-05 02:46:41,004 - INFO - step 4735 | dt: 2451.13 ms
2026-01-05 02:46:43,562 - INFO - step 4736 | dt: 2555.78 ms
2026-01-05 02:46:46,921 - INFO - step 4737 | dt: 3355.73 ms
2026-01-05 02:46:50,227 - INFO - step 4738 | dt: 3303.39 ms
2026-01-05 02:46:53,197 - INFO - step 4739 | dt: 2967.18 ms
2026-01-05 02:46:56,708 - INFO - step 4740 | dt: 3508.91 ms
2026-01-05 02:46:59,298 - INFO - step 4741 | dt: 2587.28 ms
2026-01-05 02:47:01,650 - INFO - step 4742 | dt: 2349.85 ms
2026-01-05 02:47:04,047 - INFO - step 4743 | dt: 2395.72 ms
2026-01-05 02:47:06,455 - INFO - step 4744 | dt: 2405.12 ms
2026-01-05 02:47:09,837 - INFO - step 4745 | dt: 3380.13 ms
2026-01-05 02:47:12,244 - INFO - step 4746 | dt: 2403.95 ms
2026-01-05 02:47:14,708 - INFO - step 4747 | dt: 2462.44 ms
2026-01-05 02:47:17,168 - INFO - step 4748 | dt: 2458.05 ms
2026-01-05 02:47:19,775 - INFO - step 4749 | dt: 2603.15 ms
2026-01-05 02:47:22,183 - INFO - step 4750 | dt: 2405.24 ms
2026-01-05 02:47:24,660 - INFO - step 4751 | dt: 2474.66 ms
2026-01-05 02:47:27,059 - INFO - step 4752 | dt: 2396.91 ms
2026-01-05 02:47:29,501 - INFO - step 4753 | dt: 2439.16 ms
2026-01-05 02:47:32,725 - INFO - step 4754 | dt: 3222.70 ms
2026-01-05 02:47:35,577 - INFO - step 4755 | dt: 2849.95 ms
2026-01-05 02:47:38,564 - INFO - step 4756 | dt: 2985.04 ms
2026-01-05 02:47:41,269 - INFO - step 4757 | dt: 2702.47 ms
2026-01-05 02:47:43,752 - INFO - step 4758 | dt: 2481.63 ms
2026-01-05 02:47:46,194 - INFO - step 4759 | dt: 2440.59 ms
2026-01-05 02:47:48,625 - INFO - step 4760 | dt: 2428.53 ms
2026-01-05 02:47:51,992 - INFO - step 4761 | dt: 3364.75 ms
2026-01-05 02:47:54,621 - INFO - step 4762 | dt: 2627.37 ms
2026-01-05 02:47:57,025 - INFO - step 4763 | dt: 2402.91 ms
2026-01-05 02:48:00,152 - INFO - step 4764 | dt: 3124.70 ms
2026-01-05 02:48:03,168 - INFO - step 4765 | dt: 3015.00 ms
2026-01-05 02:48:05,627 - INFO - step 4766 | dt: 2456.85 ms
2026-01-05 02:48:08,209 - INFO - step 4767 | dt: 2580.98 ms
2026-01-05 02:48:10,659 - INFO - step 4768 | dt: 2448.20 ms
2026-01-05 02:48:13,144 - INFO - step 4769 | dt: 2483.56 ms
2026-01-05 02:48:15,652 - INFO - step 4770 | dt: 2505.81 ms
2026-01-05 02:48:18,128 - INFO - step 4771 | dt: 2472.90 ms
2026-01-05 02:48:21,332 - INFO - step 4772 | dt: 3202.04 ms
2026-01-05 02:48:24,137 - INFO - step 4773 | dt: 2803.92 ms
2026-01-05 02:48:26,612 - INFO - step 4774 | dt: 2472.85 ms
2026-01-05 02:48:29,843 - INFO - step 4775 | dt: 3229.71 ms
2026-01-05 02:48:32,748 - INFO - step 4776 | dt: 2903.36 ms
2026-01-05 02:48:35,655 - INFO - step 4777 | dt: 2905.50 ms
2026-01-05 02:48:39,025 - INFO - step 4778 | dt: 3368.04 ms
2026-01-05 02:48:41,460 - INFO - step 4779 | dt: 2433.06 ms
2026-01-05 02:48:43,834 - INFO - step 4780 | dt: 2372.75 ms
2026-01-05 02:48:46,339 - INFO - step 4781 | dt: 2501.41 ms
2026-01-05 02:48:48,758 - INFO - step 4782 | dt: 2417.86 ms
2026-01-05 02:48:51,212 - INFO - step 4783 | dt: 2452.29 ms
2026-01-05 02:48:53,769 - INFO - step 4784 | dt: 2554.47 ms
2026-01-05 02:48:56,286 - INFO - step 4785 | dt: 2515.32 ms
2026-01-05 02:48:58,671 - INFO - step 4786 | dt: 2383.05 ms
2026-01-05 02:49:02,137 - INFO - step 4787 | dt: 3462.75 ms
2026-01-05 02:49:05,093 - INFO - step 4788 | dt: 2954.67 ms
2026-01-05 02:49:08,426 - INFO - step 4789 | dt: 3331.20 ms
2026-01-05 02:49:11,592 - INFO - step 4790 | dt: 3163.17 ms
2026-01-05 02:49:14,653 - INFO - step 4791 | dt: 3059.38 ms
2026-01-05 02:49:17,267 - INFO - step 4792 | dt: 2613.10 ms
2026-01-05 02:49:19,697 - INFO - step 4793 | dt: 2427.72 ms
2026-01-05 02:49:22,873 - INFO - step 4794 | dt: 3172.54 ms
2026-01-05 02:49:25,436 - INFO - step 4795 | dt: 2560.42 ms
2026-01-05 02:49:28,705 - INFO - step 4796 | dt: 3266.40 ms
2026-01-05 02:49:31,273 - INFO - step 4797 | dt: 2566.99 ms
2026-01-05 02:49:33,686 - INFO - step 4798 | dt: 2410.19 ms
2026-01-05 02:49:36,866 - INFO - step 4799 | dt: 3175.53 ms
2026-01-05 02:49:39,995 - INFO - step 4800 | dt: 3125.66 ms
2026-01-05 02:49:43,050 - INFO - step 4801 | dt: 3053.17 ms
2026-01-05 02:49:45,484 - INFO - step 4802 | dt: 2431.99 ms
2026-01-05 02:49:47,931 - INFO - step 4803 | dt: 2445.66 ms
2026-01-05 02:49:50,397 - INFO - step 4804 | dt: 2464.09 ms
2026-01-05 02:49:52,804 - INFO - step 4805 | dt: 2404.86 ms
2026-01-05 02:49:55,836 - INFO - step 4806 | dt: 3030.59 ms
2026-01-05 02:49:58,280 - INFO - step 4807 | dt: 2441.43 ms
2026-01-05 02:50:01,356 - INFO - step 4808 | dt: 3073.30 ms
2026-01-05 02:50:03,982 - INFO - step 4809 | dt: 2623.01 ms
2026-01-05 02:50:06,382 - INFO - step 4810 | dt: 2397.85 ms
2026-01-05 02:50:08,838 - INFO - step 4811 | dt: 2455.16 ms
2026-01-05 02:50:11,224 - INFO - step 4812 | dt: 2383.54 ms
2026-01-05 02:50:13,658 - INFO - step 4813 | dt: 2432.11 ms
2026-01-05 02:50:16,970 - INFO - step 4814 | dt: 3310.86 ms
2026-01-05 02:50:19,792 - INFO - step 4815 | dt: 2819.75 ms
2026-01-05 02:50:22,983 - INFO - step 4816 | dt: 3189.63 ms
2026-01-05 02:50:25,497 - INFO - step 4817 | dt: 2511.64 ms
2026-01-05 02:50:27,874 - INFO - step 4818 | dt: 2375.19 ms
2026-01-05 02:50:30,278 - INFO - step 4819 | dt: 2402.57 ms
2026-01-05 02:50:32,697 - INFO - step 4820 | dt: 2416.62 ms
2026-01-05 02:50:35,123 - INFO - step 4821 | dt: 2424.51 ms
2026-01-05 02:50:37,525 - INFO - step 4822 | dt: 2400.55 ms
2026-01-05 02:50:39,957 - INFO - step 4823 | dt: 2428.02 ms
2026-01-05 02:50:42,465 - INFO - step 4824 | dt: 2505.88 ms
2026-01-05 02:50:45,121 - INFO - step 4825 | dt: 2654.03 ms
2026-01-05 02:50:47,791 - INFO - step 4826 | dt: 2668.33 ms
2026-01-05 02:50:50,249 - INFO - step 4827 | dt: 2456.90 ms
2026-01-05 02:50:52,789 - INFO - step 4828 | dt: 2536.58 ms
2026-01-05 02:50:55,231 - INFO - step 4829 | dt: 2439.58 ms
2026-01-05 02:50:57,809 - INFO - step 4830 | dt: 2576.67 ms
2026-01-05 02:51:00,235 - INFO - step 4831 | dt: 2424.55 ms
2026-01-05 02:51:02,641 - INFO - step 4832 | dt: 2402.91 ms
2026-01-05 02:51:05,015 - INFO - step 4833 | dt: 2371.48 ms
2026-01-05 02:51:07,507 - INFO - step 4834 | dt: 2490.91 ms
2026-01-05 02:51:09,944 - INFO - step 4835 | dt: 2434.19 ms
2026-01-05 02:51:12,416 - INFO - step 4836 | dt: 2470.56 ms
2026-01-05 02:51:15,863 - INFO - step 4837 | dt: 3444.47 ms
2026-01-05 02:51:18,276 - INFO - step 4838 | dt: 2410.62 ms
2026-01-05 02:51:20,712 - INFO - step 4839 | dt: 2433.46 ms
2026-01-05 02:51:23,099 - INFO - step 4840 | dt: 2385.70 ms
2026-01-05 02:51:25,765 - INFO - step 4841 | dt: 2663.27 ms
2026-01-05 02:51:28,192 - INFO - step 4842 | dt: 2425.74 ms
2026-01-05 02:51:30,659 - INFO - step 4843 | dt: 2463.83 ms
2026-01-05 02:51:33,116 - INFO - step 4844 | dt: 2454.99 ms
2026-01-05 02:51:35,841 - INFO - step 4845 | dt: 2723.67 ms
2026-01-05 02:51:38,551 - INFO - step 4846 | dt: 2708.27 ms
2026-01-05 02:51:41,040 - INFO - step 4847 | dt: 2485.18 ms
2026-01-05 02:51:44,121 - INFO - step 4848 | dt: 3079.89 ms
2026-01-05 02:51:47,512 - INFO - step 4849 | dt: 3387.13 ms
2026-01-05 02:51:50,167 - INFO - step 4850 | dt: 2651.34 ms
2026-01-05 02:51:52,699 - INFO - step 4851 | dt: 2530.18 ms
2026-01-05 02:51:55,106 - INFO - step 4852 | dt: 2404.47 ms
2026-01-05 02:51:57,693 - INFO - step 4853 | dt: 2585.71 ms
2026-01-05 02:52:00,080 - INFO - step 4854 | dt: 2385.26 ms
2026-01-05 02:52:02,528 - INFO - step 4855 | dt: 2445.57 ms
2026-01-05 02:52:05,594 - INFO - step 4856 | dt: 3065.04 ms
2026-01-05 02:52:08,018 - INFO - step 4857 | dt: 2420.30 ms
2026-01-05 02:52:10,426 - INFO - step 4858 | dt: 2406.17 ms
2026-01-05 02:52:12,853 - INFO - step 4859 | dt: 2425.92 ms
2026-01-05 02:52:16,022 - INFO - step 4860 | dt: 3165.95 ms
2026-01-05 02:52:19,318 - INFO - step 4861 | dt: 3293.38 ms
2026-01-05 02:52:22,367 - INFO - step 4862 | dt: 3046.17 ms
2026-01-05 02:52:25,304 - INFO - step 4863 | dt: 2935.25 ms
2026-01-05 02:52:28,354 - INFO - step 4864 | dt: 3046.51 ms
2026-01-05 02:52:30,714 - INFO - step 4865 | dt: 2359.53 ms
2026-01-05 02:52:33,763 - INFO - step 4866 | dt: 3047.17 ms
2026-01-05 02:52:36,563 - INFO - step 4867 | dt: 2797.53 ms
2026-01-05 02:52:39,586 - INFO - step 4868 | dt: 3021.21 ms
2026-01-05 02:52:42,206 - INFO - step 4869 | dt: 2617.28 ms
2026-01-05 02:52:44,633 - INFO - step 4870 | dt: 2425.23 ms
2026-01-05 02:52:47,654 - INFO - step 4871 | dt: 3019.36 ms
2026-01-05 02:52:50,140 - INFO - step 4872 | dt: 2483.84 ms
2026-01-05 02:52:53,221 - INFO - step 4873 | dt: 3078.79 ms
2026-01-05 02:52:55,756 - INFO - step 4874 | dt: 2533.82 ms
2026-01-05 02:52:58,105 - INFO - step 4875 | dt: 2348.03 ms
2026-01-05 02:53:00,485 - INFO - step 4876 | dt: 2376.88 ms
2026-01-05 02:53:02,795 - INFO - step 4877 | dt: 2308.15 ms
2026-01-05 02:53:05,148 - INFO - step 4878 | dt: 2351.07 ms
2026-01-05 02:53:07,741 - INFO - step 4879 | dt: 2591.68 ms
2026-01-05 02:53:10,932 - INFO - step 4880 | dt: 3188.93 ms
2026-01-05 02:53:14,082 - INFO - step 4881 | dt: 3148.78 ms
2026-01-05 02:53:16,434 - INFO - step 4882 | dt: 2349.35 ms
2026-01-05 02:53:18,805 - INFO - step 4883 | dt: 2369.96 ms
2026-01-05 02:53:21,218 - INFO - step 4884 | dt: 2411.27 ms
2026-01-05 02:53:24,177 - INFO - step 4885 | dt: 2957.56 ms
2026-01-05 02:53:27,081 - INFO - step 4886 | dt: 2901.14 ms
2026-01-05 02:53:30,164 - INFO - step 4887 | dt: 3081.35 ms
2026-01-05 02:53:32,593 - INFO - step 4888 | dt: 2425.62 ms
2026-01-05 02:53:35,697 - INFO - step 4889 | dt: 3102.90 ms
2026-01-05 02:53:38,044 - INFO - step 4890 | dt: 2344.63 ms
2026-01-05 02:53:40,439 - INFO - step 4891 | dt: 2393.38 ms
2026-01-05 02:53:42,855 - INFO - step 4892 | dt: 2412.02 ms
2026-01-05 02:53:45,287 - INFO - step 4893 | dt: 2430.35 ms
2026-01-05 02:53:48,534 - INFO - step 4894 | dt: 3245.13 ms
2026-01-05 02:53:51,033 - INFO - step 4895 | dt: 2496.62 ms
2026-01-05 02:53:53,459 - INFO - step 4896 | dt: 2423.53 ms
2026-01-05 02:53:56,777 - INFO - step 4897 | dt: 3315.56 ms
2026-01-05 02:53:59,268 - INFO - step 4898 | dt: 2488.65 ms
2026-01-05 02:54:01,800 - INFO - step 4899 | dt: 2521.64 ms
2026-01-05 02:54:05,073 - INFO - step 4900 | dt: 3268.25 ms
2026-01-05 02:54:08,165 - INFO - step 4901 | dt: 3090.16 ms
2026-01-05 02:54:10,949 - INFO - step 4902 | dt: 2782.58 ms
2026-01-05 02:54:13,322 - INFO - step 4903 | dt: 2371.89 ms
2026-01-05 02:54:16,648 - INFO - step 4904 | dt: 3324.63 ms
2026-01-05 02:54:19,781 - INFO - step 4905 | dt: 3130.88 ms
2026-01-05 02:54:22,674 - INFO - step 4906 | dt: 2891.39 ms
2026-01-05 02:54:25,153 - INFO - step 4907 | dt: 2476.93 ms
2026-01-05 02:54:28,305 - INFO - step 4908 | dt: 3150.50 ms
2026-01-05 02:54:30,982 - INFO - step 4909 | dt: 2673.49 ms
2026-01-05 02:54:33,395 - INFO - step 4910 | dt: 2411.66 ms
2026-01-05 02:54:35,823 - INFO - step 4911 | dt: 2426.02 ms
2026-01-05 02:54:38,269 - INFO - step 4912 | dt: 2443.26 ms
2026-01-05 02:54:40,716 - INFO - step 4913 | dt: 2445.29 ms
2026-01-05 02:54:43,220 - INFO - step 4914 | dt: 2502.86 ms
2026-01-05 02:54:45,783 - INFO - step 4915 | dt: 2559.93 ms
2026-01-05 02:54:48,214 - INFO - step 4916 | dt: 2429.46 ms
2026-01-05 02:54:50,698 - INFO - step 4917 | dt: 2481.61 ms
2026-01-05 02:54:53,163 - INFO - step 4918 | dt: 2462.82 ms
2026-01-05 02:54:55,554 - INFO - step 4919 | dt: 2389.29 ms
2026-01-05 02:54:58,009 - INFO - step 4920 | dt: 2452.39 ms
2026-01-05 02:55:00,421 - INFO - step 4921 | dt: 2409.33 ms
2026-01-05 02:55:02,832 - INFO - step 4922 | dt: 2408.63 ms
2026-01-05 02:55:05,342 - INFO - step 4923 | dt: 2507.81 ms
2026-01-05 02:55:07,728 - INFO - step 4924 | dt: 2383.55 ms
2026-01-05 02:55:10,127 - INFO - step 4925 | dt: 2396.94 ms
2026-01-05 02:55:12,565 - INFO - step 4926 | dt: 2436.14 ms
2026-01-05 02:55:15,098 - INFO - step 4927 | dt: 2530.87 ms
2026-01-05 02:55:17,700 - INFO - step 4928 | dt: 2598.96 ms
2026-01-05 02:55:20,169 - INFO - step 4929 | dt: 2467.10 ms
2026-01-05 02:55:22,683 - INFO - step 4930 | dt: 2512.72 ms
2026-01-05 02:55:25,132 - INFO - step 4931 | dt: 2447.56 ms
2026-01-05 02:55:27,585 - INFO - step 4932 | dt: 2449.96 ms
2026-01-05 02:55:30,779 - INFO - step 4933 | dt: 3192.19 ms
2026-01-05 02:55:33,394 - INFO - step 4934 | dt: 2613.95 ms
2026-01-05 02:55:35,851 - INFO - step 4935 | dt: 2454.93 ms
2026-01-05 02:55:38,264 - INFO - step 4936 | dt: 2410.85 ms
2026-01-05 02:55:40,669 - INFO - step 4937 | dt: 2403.29 ms
2026-01-05 02:55:43,687 - INFO - step 4938 | dt: 3016.53 ms
2026-01-05 02:55:46,107 - INFO - step 4939 | dt: 2418.72 ms
2026-01-05 02:55:48,537 - INFO - step 4940 | dt: 2428.08 ms
2026-01-05 02:55:50,936 - INFO - step 4941 | dt: 2396.43 ms
2026-01-05 02:55:53,352 - INFO - step 4942 | dt: 2414.11 ms
2026-01-05 02:55:56,703 - INFO - step 4943 | dt: 3349.95 ms
2026-01-05 02:55:59,096 - INFO - step 4944 | dt: 2390.30 ms
2026-01-05 02:56:01,529 - INFO - step 4945 | dt: 2430.23 ms
2026-01-05 02:56:04,011 - INFO - step 4946 | dt: 2480.53 ms
2026-01-05 02:56:07,198 - INFO - step 4947 | dt: 3184.64 ms
2026-01-05 02:56:09,618 - INFO - step 4948 | dt: 2418.44 ms
2026-01-05 02:56:12,800 - INFO - step 4949 | dt: 3178.49 ms
2026-01-05 02:56:15,415 - INFO - step 4950 | dt: 2611.56 ms
2026-01-05 02:56:17,927 - INFO - step 4951 | dt: 2509.58 ms
2026-01-05 02:56:20,340 - INFO - step 4952 | dt: 2411.21 ms
2026-01-05 02:56:23,818 - INFO - step 4953 | dt: 3474.75 ms
2026-01-05 02:56:26,733 - INFO - step 4954 | dt: 2913.75 ms
2026-01-05 02:56:29,184 - INFO - step 4955 | dt: 2447.82 ms
2026-01-05 02:56:32,283 - INFO - step 4956 | dt: 3096.96 ms
2026-01-05 02:56:35,577 - INFO - step 4957 | dt: 3291.87 ms
2026-01-05 02:56:38,913 - INFO - step 4958 | dt: 3333.63 ms
2026-01-05 02:56:41,740 - INFO - step 4959 | dt: 2825.04 ms
2026-01-05 02:56:44,745 - INFO - step 4960 | dt: 3004.35 ms
2026-01-05 02:56:47,923 - INFO - step 4961 | dt: 3174.93 ms
2026-01-05 02:56:51,090 - INFO - step 4962 | dt: 3165.14 ms
2026-01-05 02:56:53,608 - INFO - step 4963 | dt: 2515.58 ms
2026-01-05 02:56:56,129 - INFO - step 4964 | dt: 2519.83 ms
2026-01-05 02:56:58,839 - INFO - step 4965 | dt: 2707.56 ms
2026-01-05 02:57:01,358 - INFO - step 4966 | dt: 2517.00 ms
2026-01-05 02:57:04,484 - INFO - step 4967 | dt: 3123.31 ms
2026-01-05 02:57:07,155 - INFO - step 4968 | dt: 2667.85 ms
2026-01-05 02:57:09,562 - INFO - step 4969 | dt: 2404.12 ms
2026-01-05 02:57:11,996 - INFO - step 4970 | dt: 2433.11 ms
2026-01-05 02:57:14,581 - INFO - step 4971 | dt: 2581.69 ms
2026-01-05 02:57:17,044 - INFO - step 4972 | dt: 2460.03 ms
2026-01-05 02:57:19,529 - INFO - step 4973 | dt: 2483.08 ms
2026-01-05 02:57:22,616 - INFO - step 4974 | dt: 3084.49 ms
2026-01-05 02:57:25,560 - INFO - step 4975 | dt: 2941.39 ms
2026-01-05 02:57:27,986 - INFO - step 4976 | dt: 2423.38 ms
2026-01-05 02:57:30,403 - INFO - step 4977 | dt: 2415.90 ms
2026-01-05 02:57:32,779 - INFO - step 4978 | dt: 2373.76 ms
2026-01-05 02:57:35,168 - INFO - step 4979 | dt: 2386.49 ms
2026-01-05 02:57:37,577 - INFO - step 4980 | dt: 2406.75 ms
2026-01-05 02:57:40,882 - INFO - step 4981 | dt: 3303.17 ms
2026-01-05 02:57:43,279 - INFO - step 4982 | dt: 2394.83 ms
2026-01-05 02:57:45,662 - INFO - step 4983 | dt: 2381.39 ms
2026-01-05 02:57:48,110 - INFO - step 4984 | dt: 2446.08 ms
2026-01-05 02:57:50,571 - INFO - step 4985 | dt: 2457.45 ms
2026-01-05 02:57:53,016 - INFO - step 4986 | dt: 2442.60 ms
2026-01-05 02:57:55,428 - INFO - step 4987 | dt: 2411.18 ms
2026-01-05 02:57:57,868 - INFO - step 4988 | dt: 2437.14 ms
2026-01-05 02:58:01,163 - INFO - step 4989 | dt: 3292.21 ms
2026-01-05 02:58:03,587 - INFO - step 4990 | dt: 2422.23 ms
2026-01-05 02:58:06,855 - INFO - step 4991 | dt: 3266.77 ms
2026-01-05 02:58:09,289 - INFO - step 4992 | dt: 2432.05 ms
2026-01-05 02:58:11,703 - INFO - step 4993 | dt: 2411.52 ms
2026-01-05 02:58:14,989 - INFO - step 4994 | dt: 3284.14 ms
2026-01-05 02:58:18,309 - INFO - step 4995 | dt: 3317.65 ms
2026-01-05 02:58:21,402 - INFO - step 4996 | dt: 3092.08 ms
2026-01-05 02:58:24,403 - INFO - step 4997 | dt: 2998.11 ms
2026-01-05 02:58:27,498 - INFO - step 4998 | dt: 3093.64 ms
2026-01-05 02:58:29,886 - INFO - step 4999 | dt: 2376.40 ms
2026-01-05 02:58:32,264 - INFO - step 5000 | dt: 2375.15 ms
2026-01-05 02:58:33,133 - INFO - Step 5000 | train_loss=0.2085
2026-01-05 02:58:33,168 - INFO - Starting generation for prompt: 'First Citizen:'
2026-01-05 02:58:39,295 - INFO - Generation | new_tokens: 50 | dt: 6127.70 ms | tok/s: 8
2026-01-05 02:58:39,309 - INFO - 
================================================================================
2026-01-05 02:58:39,309 - INFO - Step 5000 - Generated text:
2026-01-05 02:58:39,309 - INFO - First Citizen:
Are you all resolved to give you news; be the peace against all
 Lord.

Third Citizen:
A noble fellow, then, that oft hath won the
customary giddy your time of day; and much
your
2026-01-05 02:58:39,309 - INFO - ================================================================================

2026-01-05 02:58:41,760 - INFO - Saving checkpoint at step 5000
